,state,county,walkability_score,unique_id
0,01,001,5.0,01001
1,01,003,6.0,01003
2,01,005,5.0,01005
3,01,007,5.0,01007
4,01,009,5.0,01009
5,01,011,4.0,01011
6,01,013,5.0,01013
7,01,015,6.0,01015
8,01,017,6.0,01017
9,01,019,4.0,01019
10,01,021,5.0,01021
11,01,023,4.0,01023
12,01,025,5.0,01025
13,01,027,4.0,01027
14,01,029,5.0,01029
15,01,031,6.0,01031
16,01,033,7.0,01033
17,01,035,4.0,01035
18,01,037,3.0,01037
19,01,039,5.0,01039
20,01,041,5.0,01041
21,01,043,5.0,01043
22,01,045,5.0,01045
23,01,047,6.0,01047
24,01,049,5.0,01049
25,01,051,5.0,01051
26,01,053,6.0,01053
27,01,055,6.0,01055
28,01,057,4.0,01057
29,01,059,5.0,01059
30,01,061,5.0,01061
31,01,063,4.0,01063
32,01,065,5.0,01065
33,01,067,4.0,01067
34,01,069,7.0,01069
35,01,071,5.0,01071
36,01,073,10.0,01073
37,01,075,5.0,01075
38,01,077,6.0,01077
39,01,079,4.0,01079
40,01,081,6.0,01081
41,01,083,5.0,01083
42,01,085,4.0,01085
43,01,087,5.0,01087
44,01,089,8.0,01089
45,01,091,5.0,01091
46,01,093,5.0,01093
47,01,095,6.0,01095
48,01,097,7.0,01097
49,01,099,4.0,01099
50,01,101,12.0,01101
51,01,103,6.0,01103
52,01,105,4.0,01105
53,01,107,5.0,01107
54,01,109,5.0,01109
55,01,111,5.0,01111
56,01,113,6.0,01113
57,01,115,6.0,01115
58,01,117,6.0,01117
59,01,119,4.0,01119
60,01,121,5.0,01121
61,01,123,5.0,01123
62,01,125,7.0,01125
63,01,127,5.0,01127
64,01,129,4.0,01129
65,01,131,5.0,01131
66,01,133,5.0,01133
67,02,013,6.0,02013
68,02,016,5.0,02016
69,02,020,11.0,02020
70,02,050,4.0,02050
71,02,060,5.0,02060
72,02,068,6.0,02068
73,02,070,5.0,02070
74,02,090,6.0,02090
75,02,100,6.0,02100
76,02,105,6.0,02105
77,02,110,11.0,02110
78,02,122,5.0,02122
79,02,130,7.0,02130
80,02,150,6.0,02150
81,02,158,5.0,02158
82,02,164,6.0,02164
83,02,170,5.0,02170
84,02,180,7.0,02180
85,02,185,5.0,02185
86,02,188,7.0,02188
87,02,195,8.0,02195
88,02,198,6.0,02198
89,02,220,12.0,02220
90,02,230,7.0,02230
91,02,240,6.0,02240
92,02,261,5.0,02261
93,02,275,6.0,02275
94,02,282,7.0,02282
95,02,290,5.0,02290
96,04,001,4.0,04001
97,04,003,6.0,04003
98,04,005,8.0,04005
99,04,007,5.0,04007
100,04,009,6.0,04009
101,04,011,4.0,04011
102,04,012,5.0,04012
103,04,013,11.0,04013
104,04,015,7.0,04015
105,04,017,5.0,04017
106,04,019,11.0,04019
107,04,021,6.0,04021
108,04,023,6.0,04023
109,04,025,7.0,04025
110,04,027,10.0,04027
111,05,001,6.0,05001
112,05,003,5.0,05003
113,05,005,6.0,05005
114,05,007,7.0,05007
115,05,009,6.0,05009
116,05,011,5.0,05011
117,05,013,5.0,05013
118,05,015,5.0,05015
119,05,017,6.0,05017
120,05,019,6.0,05019
121,05,021,5.0,05021
122,05,023,6.0,05023
123,05,025,3.0,05025
124,05,027,6.0,05027
125,05,029,5.0,05029
126,05,031,7.0,05031
127,05,033,6.0,05033
128,05,035,9.0,05035
129,05,037,6.0,05037
130,05,039,5.0,05039
131,05,041,6.0,05041
132,05,043,5.0,05043
133,05,045,7.0,05045
134,05,047,5.0,05047
135,05,049,4.0,05049
136,05,051,7.0,05051
137,05,053,4.0,05053
138,05,055,6.0,05055
139,05,057,6.0,05057
140,05,059,6.0,05059
141,05,061,6.0,05061
142,05,063,5.0,05063
143,05,065,5.0,05065
144,05,067,6.0,05067
145,05,069,7.0,05069
146,05,071,5.0,05071
147,05,073,5.0,05073
148,05,075,6.0,05075
149,05,077,5.0,05077
150,05,079,4.0,05079
151,05,081,4.0,05081
152,05,083,5.0,05083
153,05,085,6.0,05085
154,05,087,4.0,05087
155,05,089,5.0,05089
156,05,091,6.0,05091
157,05,093,6.0,05093
158,05,095,5.0,05095
159,05,097,4.0,05097
160,05,099,4.0,05099
161,05,101,4.0,05101
162,05,103,6.0,05103
163,05,105,4.0,05105
164,05,107,6.0,05107
165,05,109,5.0,05109
166,05,111,5.0,05111
167,05,113,5.0,05113
168,05,115,6.0,05115
169,05,117,6.0,05117
170,05,119,11.0,05119
171,05,121,5.0,05121
172,05,123,5.0,05123
173,05,125,6.0,05125
174,05,127,4.0,05127
175,05,129,4.0,05129
176,05,131,8.0,05131
177,05,133,6.0,05133
178,05,135,5.0,05135
179,05,137,5.0,05137
180,05,139,6.0,05139
181,05,141,5.0,05141
182,05,143,8.0,05143
183,05,145,6.0,05145
184,05,147,5.0,05147
185,05,149,5.0,05149
186,06,001,14.0,06001
187,06,003,5.0,06003
188,06,005,7.0,06005
189,06,007,7.0,06007
190,06,009,6.0,06009
191,06,011,7.0,06011
192,06,013,11.0,06013
193,06,015,9.0,06015
194,06,017,8.0,06017
195,06,019,11.0,06019
196,06,021,6.0,06021
197,06,023,11.0,06023
198,06,025,9.0,06025
199,06,027,7.0,06027
200,06,029,10.0,06029
201,06,031,11.0,06031
202,06,033,9.0,06033
203,06,035,8.0,06035
204,06,037,14.0,06037
205,06,039,9.0,06039
206,06,041,12.0,06041
207,06,043,5.0,06043
208,06,045,9.0,06045
209,06,047,11.0,06047
210,06,049,7.0,06049
211,06,051,10.0,06051
212,06,053,12.0,06053
213,06,055,8.0,06055
214,06,057,8.0,06057
215,06,059,13.0,06059
216,06,061,10.0,06061
217,06,063,8.0,06063
218,06,065,11.0,06065
219,06,067,13.0,06067
220,06,069,10.0,06069
221,06,071,11.0,06071
222,06,073,12.0,06073
223,06,075,16.0,06075
224,06,077,11.0,06077
225,06,079,11.0,06079
226,06,081,10.0,06081
227,06,083,10.0,06083
228,06,085,14.0,06085
229,06,087,12.0,06087
230,06,089,9.0,06089
231,06,091,5.0,06091
232,06,093,9.0,06093
233,06,095,12.0,06095
234,06,097,11.0,06097
235,06,099,12.0,06099
236,06,101,11.0,06101
237,06,103,8.0,06103
238,06,105,6.0,06105
239,06,107,7.0,06107
240,06,109,6.0,06109
241,06,111,12.0,06111
242,06,113,13.0,06113
243,06,115,10.0,06115
244,08,001,12.0,08001
245,08,003,8.0,08003
246,08,005,12.0,08005
247,08,007,6.0,08007
248,08,009,6.0,08009
249,08,011,6.0,08011
250,08,013,12.0,08013
251,08,014,9.0,08014
252,08,015,7.0,08015
253,08,017,6.0,08017
254,08,019,6.0,08019
255,08,021,5.0,08021
256,08,023,5.0,08023
257,08,025,4.0,08025
258,08,027,5.0,08027
259,08,029,6.0,08029
260,08,031,14.0,08031
261,08,033,6.0,08033
262,08,035,9.0,08035
263,08,037,9.0,08037
264,08,039,5.0,08039
265,08,041,11.0,08041
266,08,043,7.0,08043
267,08,045,9.0,08045
268,08,047,5.0,08047
269,08,049,8.0,08049
270,08,051,9.0,08051
271,08,053,7.0,08053
272,08,055,5.0,08055
273,08,057,7.0,08057
274,08,059,11.0,08059
275,08,061,6.0,08061
276,08,063,7.0,08063
277,08,065,8.0,08065
278,08,067,7.0,08067
279,08,069,10.0,08069
280,08,071,7.0,08071
281,08,073,6.0,08073
282,08,075,7.0,08075
283,08,077,8.0,08077
284,08,079,7.0,08079
285,08,081,7.0,08081
286,08,083,7.0,08083
287,08,085,6.0,08085
288,08,087,6.0,08087
289,08,089,8.0,08089
290,08,091,6.0,08091
291,08,093,5.0,08093
292,08,095,7.0,08095
293,08,097,10.0,08097
294,08,099,8.0,08099
295,08,101,7.0,08101
296,08,103,7.0,08103
297,08,105,6.0,08105
298,08,107,7.0,08107
299,08,109,6.0,08109
300,08,111,7.0,08111
301,08,113,7.0,08113
302,08,115,6.0,08115
303,08,117,7.0,08117
304,08,119,6.0,08119
305,08,121,5.0,08121
306,08,123,7.0,08123
307,08,125,6.0,08125
308,09,001,10.0,09001
309,09,003,11.0,09003
310,09,005,8.0,09005
311,09,007,9.0,09007
312,09,009,11.0,09009
313,09,011,9.0,09011
314,09,013,7.0,09013
315,09,015,7.0,09015
316,10,001,8.0,10001
317,10,003,12.0,10003
318,10,005,8.0,10005
319,11,001,14.0,11001
320,12,001,10.0,12001
321,12,003,6.0,12003
322,12,005,10.0,12005
323,12,007,5.0,12007
324,12,009,10.0,12009
325,12,011,12.0,12011
326,12,013,5.0,12013
327,12,015,7.0,12015
328,12,017,7.0,12017
329,12,019,7.0,12019
330,12,021,7.0,12021
331,12,023,6.0,12023
332,12,027,6.0,12027
333,12,029,4.0,12029
334,12,031,11.0,12031
335,12,033,10.0,12033
336,12,035,7.0,12035
337,12,037,6.0,12037
338,12,039,5.0,12039
339,12,041,4.0,12041
340,12,043,4.0,12043
341,12,045,6.0,12045
342,12,047,6.0,12047
343,12,049,6.0,12049
344,12,051,6.0,12051
345,12,053,8.0,12053
346,12,055,6.0,12055
347,12,057,11.0,12057
348,12,059,4.0,12059
349,12,061,7.0,12061
350,12,063,5.0,12063
351,12,065,5.0,12065
352,12,067,5.0,12067
353,12,069,7.0,12069
354,12,071,9.0,12071
355,12,073,10.0,12073
356,12,075,5.0,12075
357,12,077,4.0,12077
358,12,079,5.0,12079
359,12,081,11.0,12081
360,12,083,7.0,12083
361,12,085,7.0,12085
362,12,086,14.0,12086
363,12,087,11.0,12087
364,12,089,6.0,12089
365,12,091,8.0,12091
366,12,093,6.0,12093
367,12,095,12.0,12095
368,12,097,10.0,12097
369,12,099,11.0,12099
370,12,101,9.0,12101
371,12,103,13.0,12103
372,12,105,8.0,12105
373,12,107,6.0,12107
374,12,109,8.0,12109
375,12,111,7.0,12111
376,12,113,6.0,12113
377,12,115,12.0,12115
378,12,117,10.0,12117
379,12,119,6.0,12119
380,12,121,6.0,12121
381,12,123,6.0,12123
382,12,125,5.0,12125
383,12,127,11.0,12127
384,12,129,5.0,12129
385,12,131,6.0,12131
386,12,133,5.0,12133
387,13,001,5.0,13001
388,13,003,5.0,13003
389,13,005,6.0,13005
390,13,007,3.0,13007
391,13,009,6.0,13009
392,13,011,5.0,13011
393,13,013,6.0,13013
394,13,015,7.0,13015
395,13,017,6.0,13017
396,13,019,4.0,13019
397,13,021,7.0,13021
398,13,023,6.0,13023
399,13,025,4.0,13025
400,13,027,5.0,13027
401,13,029,6.0,13029
402,13,031,6.0,13031
403,13,033,4.0,13033
404,13,035,6.0,13035
405,13,037,5.0,13037
406,13,039,6.0,13039
407,13,043,5.0,13043
408,13,045,6.0,13045
409,13,047,6.0,13047
410,13,049,5.0,13049
411,13,051,12.0,13051
412,13,053,5.0,13053
413,13,055,5.0,13055
414,13,057,7.0,13057
415,13,059,7.0,13059
416,13,061,6.0,13061
417,13,063,9.0,13063
418,13,065,5.0,13065
419,13,067,9.0,13067
420,13,069,6.0,13069
421,13,071,6.0,13071
422,13,073,7.0,13073
423,13,075,6.0,13075
424,13,077,6.0,13077
425,13,079,4.0,13079
426,13,081,6.0,13081
427,13,083,5.0,13083
428,13,085,6.0,13085
429,13,087,6.0,13087
430,13,089,11.0,13089
431,13,091,5.0,13091
432,13,093,4.0,13093
433,13,095,8.0,13095
434,13,097,6.0,13097
435,13,099,4.0,13099
436,13,101,3.0,13101
437,13,103,5.0,13103
438,13,105,5.0,13105
439,13,107,5.0,13107
440,13,109,6.0,13109
441,13,111,6.0,13111
442,13,113,7.0,13113
443,13,115,6.0,13115
444,13,117,6.0,13117
445,13,119,6.0,13119
446,13,121,12.0,13121
447,13,123,5.0,13123
448,13,125,4.0,13125
449,13,127,8.0,13127
450,13,129,6.0,13129
451,13,131,6.0,13131
452,13,133,5.0,13133
453,13,135,9.0,13135
454,13,137,7.0,13137
455,13,139,6.0,13139
456,13,141,3.0,13141
457,13,143,5.0,13143
458,13,145,4.0,13145
459,13,147,5.0,13147
460,13,149,4.0,13149
461,13,151,6.0,13151
462,13,153,7.0,13153
463,13,155,5.0,13155
464,13,157,6.0,13157
465,13,159,5.0,13159
466,13,161,5.0,13161
467,13,163,6.0,13163
468,13,165,4.0,13165
469,13,167,4.0,13167
470,13,169,4.0,13169
471,13,171,6.0,13171
472,13,173,4.0,13173
473,13,175,6.0,13175
474,13,177,5.0,13177
475,13,179,6.0,13179
476,13,181,4.0,13181
477,13,183,3.0,13183
478,13,185,7.0,13185
479,13,187,6.0,13187
480,13,189,6.0,13189
481,13,191,4.0,13191
482,13,193,5.0,13193
483,13,195,5.0,13195
484,13,197,4.0,13197
485,13,199,5.0,13199
486,13,201,5.0,13201
487,13,205,5.0,13205
488,13,207,5.0,13207
489,13,209,5.0,13209
490,13,211,6.0,13211
491,13,213,4.0,13213
492,13,215,8.0,13215
493,13,217,6.0,13217
494,13,219,6.0,13219
495,13,221,4.0,13221
496,13,223,6.0,13223
497,13,225,6.0,13225
498,13,227,6.0,13227
499,13,229,5.0,13229
500,13,231,5.0,13231
501,13,233,6.0,13233
502,13,235,6.0,13235
503,13,237,5.0,13237
504,13,239,5.0,13239
505,13,241,6.0,13241
506,13,243,5.0,13243
507,13,245,7.0,13245
508,13,247,6.0,13247
509,13,249,5.0,13249
510,13,251,5.0,13251
511,13,253,4.0,13253
512,13,255,7.0,13255
513,13,257,7.0,13257
514,13,259,4.0,13259
515,13,261,6.0,13261
516,13,263,3.0,13263
517,13,265,3.0,13265
518,13,267,5.0,13267
519,13,269,5.0,13269
520,13,271,6.0,13271
521,13,273,6.0,13273
522,13,275,6.0,13275
523,13,277,8.0,13277
524,13,279,6.0,13279
525,13,281,6.0,13281
526,13,283,5.0,13283
527,13,285,7.0,13285
528,13,287,5.0,13287
529,13,289,4.0,13289
530,13,291,5.0,13291
531,13,293,6.0,13293
532,13,295,5.0,13295
533,13,297,6.0,13297
534,13,299,7.0,13299
535,13,301,4.0,13301
536,13,303,6.0,13303
537,13,305,6.0,13305
538,13,307,4.0,13307
539,13,309,4.0,13309
540,13,311,6.0,13311
541,13,313,6.0,13313
542,13,315,4.0,13315
543,13,317,5.0,13317
544,13,319,5.0,13319
545,13,321,4.0,13321
546,15,001,5.0,15001
547,15,003,12.0,15003
548,15,005,3.0,15005
549,15,007,6.0,15007
550,15,009,7.0,15009
551,16,001,12.0,16001
552,16,003,5.0,16003
553,16,005,7.0,16005
554,16,007,6.0,16007
555,16,009,6.0,16009
556,16,011,6.0,16011
557,16,013,10.0,16013
558,16,015,5.0,16015
559,16,017,6.0,16017
560,16,019,8.0,16019
561,16,021,6.0,16021
562,16,023,6.0,16023
563,16,025,6.0,16025
564,16,027,10.0,16027
565,16,029,5.0,16029
566,16,031,7.0,16031
567,16,033,6.0,16033
568,16,035,5.0,16035
569,16,037,6.0,16037
570,16,039,7.0,16039
571,16,041,6.0,16041
572,16,043,6.0,16043
573,16,045,7.0,16045
574,16,047,6.0,16047
575,16,049,5.0,16049
576,16,051,5.0,16051
577,16,053,7.0,16053
578,16,055,8.0,16055
579,16,057,7.0,16057
580,16,059,5.0,16059
581,16,061,6.0,16061
582,16,063,5.0,16063
583,16,065,7.0,16065
584,16,067,6.0,16067
585,16,069,7.0,16069
586,16,071,6.0,16071
587,16,073,5.0,16073
588,16,075,7.0,16075
589,16,077,6.0,16077
590,16,079,5.0,16079
591,16,081,7.0,16081
592,16,083,7.0,16083
593,16,085,6.0,16085
594,16,087,6.0,16087
595,17,001,7.0,17001
596,17,003,6.0,17003
597,17,005,6.0,17005
598,17,007,6.0,17007
599,17,009,6.0,17009
600,17,011,6.0,17011
601,17,013,4.0,17013
602,17,015,7.0,17015
603,17,017,7.0,17017
604,17,019,11.0,17019
605,17,021,6.0,17021
606,17,023,6.0,17023
607,17,025,5.0,17025
608,17,027,7.0,17027
609,17,029,7.0,17029
610,17,031,14.0,17031
611,17,033,6.0,17033
612,17,035,5.0,17035
613,17,037,7.0,17037
614,17,039,6.0,17039
615,17,041,6.0,17041
616,17,043,11.0,17043
617,17,045,6.0,17045
618,17,047,5.0,17047
619,17,049,7.0,17049
620,17,051,5.0,17051
621,17,053,6.0,17053
622,17,055,6.0,17055
623,17,057,6.0,17057
624,17,059,5.0,17059
625,17,061,5.0,17061
626,17,063,7.0,17063
627,17,065,5.0,17065
628,17,067,6.0,17067
629,17,069,4.0,17069
630,17,071,5.0,17071
631,17,073,6.0,17073
632,17,075,6.0,17075
633,17,077,7.0,17077
634,17,079,5.0,17079
635,17,081,5.0,17081
636,17,083,5.0,17083
637,17,085,6.0,17085
638,17,087,4.0,17087
639,17,089,11.0,17089
640,17,091,7.0,17091
641,17,093,7.0,17093
642,17,095,6.0,17095
643,17,097,10.0,17097
644,17,099,7.0,17099
645,17,101,6.0,17101
646,17,103,6.0,17103
647,17,105,6.0,17105
648,17,107,7.0,17107
649,17,109,6.0,17109
650,17,111,8.0,17111
651,17,113,11.0,17113
652,17,115,7.0,17115
653,17,117,7.0,17117
654,17,119,7.0,17119
655,17,121,6.0,17121
656,17,123,6.0,17123
657,17,125,5.0,17125
658,17,127,6.0,17127
659,17,129,5.0,17129
660,17,131,5.0,17131
661,17,133,6.0,17133
662,17,135,7.0,17135
663,17,137,7.0,17137
664,17,139,6.0,17139
665,17,141,6.0,17141
666,17,143,11.0,17143
667,17,145,5.0,17145
668,17,147,7.0,17147
669,17,149,5.0,17149
670,17,151,3.0,17151
671,17,153,6.0,17153
672,17,155,6.0,17155
673,17,157,6.0,17157
674,17,159,6.0,17159
675,17,161,7.0,17161
676,17,163,11.0,17163
677,17,165,7.0,17165
678,17,167,11.0,17167
679,17,169,5.0,17169
680,17,171,4.0,17171
681,17,173,5.0,17173
682,17,175,5.0,17175
683,17,177,6.0,17177
684,17,179,9.0,17179
685,17,181,5.0,17181
686,17,183,7.0,17183
687,17,185,6.0,17185
688,17,187,6.0,17187
689,17,189,5.0,17189
690,17,191,5.0,17191
691,17,193,6.0,17193
692,17,195,7.0,17195
693,17,197,9.0,17197
694,17,199,6.0,17199
695,17,201,7.0,17201
696,17,203,6.0,17203
697,18,001,6.0,18001
698,18,003,10.0,18003
699,18,005,7.0,18005
700,18,007,6.0,18007
701,18,009,7.0,18009
702,18,011,7.0,18011
703,18,013,4.0,18013
704,18,015,5.0,18015
705,18,017,6.0,18017
706,18,019,9.0,18019
707,18,021,6.0,18021
708,18,023,6.0,18023
709,18,025,5.0,18025
710,18,027,7.0,18027
711,18,029,6.0,18029
712,18,031,6.0,18031
713,18,033,6.0,18033
714,18,035,7.0,18035
715,18,037,6.0,18037
716,18,039,7.0,18039
717,18,041,7.0,18041
718,18,043,8.0,18043
719,18,045,6.0,18045
720,18,047,6.0,18047
721,18,049,6.0,18049
722,18,051,7.0,18051
723,18,053,7.0,18053
724,18,055,6.0,18055
725,18,057,8.0,18057
726,18,059,7.0,18059
727,18,061,4.0,18061
728,18,063,7.0,18063
729,18,065,6.0,18065
730,18,067,7.0,18067
731,18,069,7.0,18069
732,18,071,6.0,18071
733,18,073,6.0,18073
734,18,075,5.0,18075
735,18,077,6.0,18077
736,18,079,5.0,18079
737,18,081,8.0,18081
738,18,083,7.0,18083
739,18,085,6.0,18085
740,18,087,5.0,18087
741,18,089,8.0,18089
742,18,091,7.0,18091
743,18,093,6.0,18093
744,18,095,7.0,18095
745,18,097,12.0,18097
746,18,099,6.0,18099
747,18,101,6.0,18101
748,18,103,6.0,18103
749,18,105,10.0,18105
750,18,107,6.0,18107
751,18,109,6.0,18109
752,18,111,5.0,18111
753,18,113,6.0,18113
754,18,115,4.0,18115
755,18,117,6.0,18117
756,18,119,5.0,18119
757,18,121,5.0,18121
758,18,123,6.0,18123
759,18,125,5.0,18125
760,18,127,7.0,18127
761,18,129,6.0,18129
762,18,131,5.0,18131
763,18,133,5.0,18133
764,18,135,5.0,18135
765,18,137,6.0,18137
766,18,139,5.0,18139
767,18,141,8.0,18141
768,18,143,6.0,18143
769,18,145,6.0,18145
770,18,147,6.0,18147
771,18,149,5.0,18149
772,18,151,6.0,18151
773,18,153,6.0,18153
774,18,155,4.0,18155
775,18,157,11.0,18157
776,18,159,5.0,18159
777,18,161,5.0,18161
778,18,163,8.0,18163
779,18,165,6.0,18165
780,18,167,11.0,18167
781,18,169,7.0,18169
782,18,171,5.0,18171
783,18,173,6.0,18173
784,18,175,5.0,18175
785,18,177,7.0,18177
786,18,179,6.0,18179
787,18,181,6.0,18181
788,18,183,5.0,18183
789,19,001,6.0,19001
790,19,003,5.0,19003
791,19,005,6.0,19005
792,19,007,6.0,19007
793,19,009,5.0,19009
794,19,011,6.0,19011
795,19,013,8.0,19013
796,19,015,7.0,19015
797,19,017,7.0,19017
798,19,019,6.0,19019
799,19,021,7.0,19021
800,19,023,6.0,19023
801,19,025,6.0,19025
802,19,027,7.0,19027
803,19,029,7.0,19029
804,19,031,6.0,19031
805,19,033,10.0,19033
806,19,035,6.0,19035
807,19,037,5.0,19037
808,19,039,6.0,19039
809,19,041,7.0,19041
810,19,043,6.0,19043
811,19,045,9.0,19045
812,19,047,6.0,19047
813,19,049,8.0,19049
814,19,051,6.0,19051
815,19,053,5.0,19053
816,19,055,6.0,19055
817,19,057,12.0,19057
818,19,059,7.0,19059
819,19,061,7.0,19061
820,19,063,7.0,19063
821,19,065,6.0,19065
822,19,067,6.0,19067
823,19,069,6.0,19069
824,19,071,6.0,19071
825,19,073,6.0,19073
826,19,075,6.0,19075
827,19,077,6.0,19077
828,19,079,6.0,19079
829,19,081,5.0,19081
830,19,083,6.0,19083
831,19,085,6.0,19085
832,19,087,7.0,19087
833,19,089,6.0,19089
834,19,091,6.0,19091
835,19,093,6.0,19093
836,19,095,6.0,19095
837,19,097,7.0,19097
838,19,099,7.0,19099
839,19,101,7.0,19101
840,19,103,9.0,19103
841,19,105,6.0,19105
842,19,107,5.0,19107
843,19,109,6.0,19109
844,19,111,7.0,19111
845,19,113,12.0,19113
846,19,115,5.0,19115
847,19,117,5.0,19117
848,19,119,6.0,19119
849,19,121,6.0,19121
850,19,123,10.0,19123
851,19,125,7.0,19125
852,19,127,9.0,19127
853,19,129,5.0,19129
854,19,131,6.0,19131
855,19,133,6.0,19133
856,19,135,6.0,19135
857,19,137,7.0,19137
858,19,139,9.0,19139
859,19,141,7.0,19141
860,19,143,5.0,19143
861,19,145,7.0,19145
862,19,147,7.0,19147
863,19,149,6.0,19149
864,19,151,6.0,19151
865,19,153,12.0,19153
866,19,155,7.0,19155
867,19,157,6.0,19157
868,19,159,6.0,19159
869,19,161,6.0,19161
870,19,163,8.0,19163
871,19,165,6.0,19165
872,19,167,7.0,19167
873,19,169,7.0,19169
874,19,171,5.0,19171
875,19,173,5.0,19173
876,19,175,7.0,19175
877,19,177,5.0,19177
878,19,179,7.0,19179
879,19,181,6.0,19181
880,19,183,7.0,19183
881,19,185,6.0,19185
882,19,187,10.0,19187
883,19,189,7.0,19189
884,19,191,6.0,19191
885,19,193,12.0,19193
886,19,195,5.0,19195
887,19,197,6.0,19197
888,20,001,7.0,20001
889,20,003,7.0,20003
890,20,005,6.0,20005
891,20,007,6.0,20007
892,20,009,8.0,20009
893,20,011,6.0,20011
894,20,013,7.0,20013
895,20,015,6.0,20015
896,20,017,6.0,20017
897,20,019,5.0,20019
898,20,021,6.0,20021
899,20,023,6.0,20023
900,20,025,6.0,20025
901,20,027,6.0,20027
902,20,029,7.0,20029
903,20,031,6.0,20031
904,20,033,6.0,20033
905,20,035,7.0,20035
906,20,037,7.0,20037
907,20,039,7.0,20039
908,20,041,6.0,20041
909,20,043,5.0,20043
910,20,045,9.0,20045
911,20,047,6.0,20047
912,20,049,5.0,20049
913,20,051,8.0,20051
914,20,053,7.0,20053
915,20,055,8.0,20055
916,20,057,8.0,20057
917,20,059,6.0,20059
918,20,061,7.0,20061
919,20,063,5.0,20063
920,20,065,5.0,20065
921,20,067,7.0,20067
922,20,069,5.0,20069
923,20,071,6.0,20071
924,20,073,6.0,20073
925,20,075,6.0,20075
926,20,077,7.0,20077
927,20,079,7.0,20079
928,20,081,6.0,20081
929,20,083,7.0,20083
930,20,085,6.0,20085
931,20,087,5.0,20087
932,20,089,4.0,20089
933,20,091,11.0,20091
934,20,093,7.0,20093
935,20,095,5.0,20095
936,20,097,6.0,20097
937,20,099,7.0,20099
938,20,101,5.0,20101
939,20,103,7.0,20103
940,20,105,6.0,20105
941,20,107,5.0,20107
942,20,109,7.0,20109
943,20,111,7.0,20111
944,20,113,7.0,20113
945,20,115,6.0,20115
946,20,117,6.0,20117
947,20,119,6.0,20119
948,20,121,6.0,20121
949,20,123,8.0,20123
950,20,125,6.0,20125
951,20,127,5.0,20127
952,20,129,7.0,20129
953,20,131,6.0,20131
954,20,133,7.0,20133
955,20,135,6.0,20135
956,20,137,8.0,20137
957,20,139,5.0,20139
958,20,141,7.0,20141
959,20,143,5.0,20143
960,20,145,7.0,20145
961,20,147,6.0,20147
962,20,149,6.0,20149
963,20,151,8.0,20151
964,20,153,5.0,20153
965,20,155,7.0,20155
966,20,157,6.0,20157
967,20,159,6.0,20159
968,20,161,8.0,20161
969,20,163,7.0,20163
970,20,165,6.0,20165
971,20,167,6.0,20167
972,20,169,12.0,20169
973,20,171,7.0,20171
974,20,173,11.0,20173
975,20,175,8.0,20175
976,20,177,11.0,20177
977,20,179,5.0,20179
978,20,181,7.0,20181
979,20,183,7.0,20183
980,20,185,6.0,20185
981,20,187,8.0,20187
982,20,189,7.0,20189
983,20,191,6.0,20191
984,20,193,7.0,20193
985,20,195,6.0,20195
986,20,197,4.0,20197
987,20,199,6.0,20199
988,20,201,6.0,20201
989,20,203,7.0,20203
990,20,205,6.0,20205
991,20,207,6.0,20207
992,20,209,11.0,20209
993,21,001,5.0,21001
994,21,003,5.0,21003
995,21,005,6.0,21005
996,21,007,4.0,21007
997,21,009,5.0,21009
998,21,011,4.0,21011
999,21,013,5.0,21013
1000,21,015,8.0,21015
1001,21,017,6.0,21017
1002,21,019,7.0,21019
1003,21,021,7.0,21021
1004,21,023,4.0,21023
1005,21,025,4.0,21025
1006,21,027,4.0,21027
1007,21,029,6.0,21029
1008,21,031,4.0,21031
1009,21,033,6.0,21033
1010,21,035,6.0,21035
1011,21,037,11.0,21037
1012,21,039,5.0,21039
1013,21,041,5.0,21041
1014,21,043,5.0,21043
1015,21,045,4.0,21045
1016,21,047,6.0,21047
1017,21,049,6.0,21049
1018,21,051,4.0,21051
1019,21,053,5.0,21053
1020,21,055,4.0,21055
1021,21,057,4.0,21057
1022,21,059,7.0,21059
1023,21,061,4.0,21061
1024,21,063,3.0,21063
1025,21,065,5.0,21065
1026,21,067,11.0,21067
1027,21,069,4.0,21069
1028,21,071,5.0,21071
1029,21,073,7.0,21073
1030,21,075,7.0,21075
1031,21,077,5.0,21077
1032,21,079,5.0,21079
1033,21,081,5.0,21081
1034,21,083,5.0,21083
1035,21,085,5.0,21085
1036,21,087,4.0,21087
1037,21,089,6.0,21089
1038,21,091,4.0,21091
1039,21,093,6.0,21093
1040,21,095,4.0,21095
1041,21,097,6.0,21097
1042,21,099,4.0,21099
1043,21,101,6.0,21101
1044,21,103,4.0,21103
1045,21,105,5.0,21105
1046,21,107,5.0,21107
1047,21,109,4.0,21109
1048,21,111,12.0,21111
1049,21,113,8.0,21113
1050,21,115,4.0,21115
1051,21,117,11.0,21117
1052,21,119,4.0,21119
1053,21,121,5.0,21121
1054,21,123,5.0,21123
1055,21,125,6.0,21125
1056,21,127,4.0,21127
1057,21,129,5.0,21129
1058,21,131,3.0,21131
1059,21,133,4.0,21133
1060,21,135,4.0,21135
1061,21,137,5.0,21137
1062,21,139,4.0,21139
1063,21,141,5.0,21141
1064,21,143,5.0,21143
1065,21,145,7.0,21145
1066,21,147,4.0,21147
1067,21,149,5.0,21149
1068,21,151,6.0,21151
1069,21,153,4.0,21153
1070,21,155,5.0,21155
1071,21,157,5.0,21157
1072,21,159,5.0,21159
1073,21,161,6.0,21161
1074,21,163,5.0,21163
1075,21,165,4.0,21165
1076,21,167,5.0,21167
1077,21,169,4.0,21169
1078,21,171,4.0,21171
1079,21,173,6.0,21173
1080,21,175,4.0,21175
1081,21,177,5.0,21177
1082,21,179,5.0,21179
1083,21,181,4.0,21181
1084,21,183,4.0,21183
1085,21,185,6.0,21185
1086,21,187,4.0,21187
1087,21,189,3.0,21189
1088,21,191,5.0,21191
1089,21,193,5.0,21193
1090,21,195,4.0,21195
1091,21,197,5.0,21197
1092,21,199,6.0,21199
1093,21,201,4.0,21201
1094,21,203,5.0,21203
1095,21,205,6.0,21205
1096,21,207,5.0,21207
1097,21,209,7.0,21209
1098,21,211,5.0,21211
1099,21,213,6.0,21213
1100,21,215,5.0,21215
1101,21,217,6.0,21217
1102,21,219,4.0,21219
1103,21,221,4.0,21221
1104,21,223,5.0,21223
1105,21,225,5.0,21225
1106,21,227,7.0,21227
1107,21,229,4.0,21229
1108,21,231,5.0,21231
1109,21,233,5.0,21233
1110,21,235,5.0,21235
1111,21,237,4.0,21237
1112,21,239,6.0,21239
1113,22,001,7.0,22001
1114,22,003,5.0,22003
1115,22,005,7.0,22005
1116,22,007,4.0,22007
1117,22,009,5.0,22009
1118,22,011,5.0,22011
1119,22,013,5.0,22013
1120,22,015,6.0,22015
1121,22,017,7.0,22017
1122,22,019,7.0,22019
1123,22,021,4.0,22021
1124,22,023,3.0,22023
1125,22,025,5.0,22025
1126,22,027,5.0,22027
1127,22,029,6.0,22029
1128,22,031,5.0,22031
1129,22,033,7.0,22033
1130,22,035,6.0,22035
1131,22,037,4.0,22037
1132,22,039,6.0,22039
1133,22,041,5.0,22041
1134,22,043,4.0,22043
1135,22,045,7.0,22045
1136,22,047,5.0,22047
1137,22,049,5.0,22049
1138,22,051,9.0,22051
1139,22,053,6.0,22053
1140,22,055,8.0,22055
1141,22,057,6.0,22057
1142,22,059,6.0,22059
1143,22,061,6.0,22061
1144,22,063,5.0,22063
1145,22,065,7.0,22065
1146,22,067,5.0,22067
1147,22,069,6.0,22069
1148,22,071,14.0,22071
1149,22,073,7.0,22073
1150,22,075,5.0,22075
1151,22,077,5.0,22077
1152,22,079,6.0,22079
1153,22,081,4.0,22081
1154,22,083,5.0,22083
1155,22,085,4.0,22085
1156,22,087,7.0,22087
1157,22,089,6.0,22089
1158,22,091,4.0,22091
1159,22,093,5.0,22093
1160,22,095,7.0,22095
1161,22,097,6.0,22097
1162,22,099,5.0,22099
1163,22,101,7.0,22101
1164,22,103,7.0,22103
1165,22,105,6.0,22105
1166,22,107,5.0,22107
1167,22,109,6.0,22109
1168,22,111,4.0,22111
1169,22,113,6.0,22113
1170,22,115,4.0,22115
1171,22,117,5.0,22117
1172,22,119,6.0,22119
1173,22,121,6.0,22121
1174,22,123,4.0,22123
1175,22,125,4.0,22125
1176,22,127,5.0,22127
1177,23,001,8.0,23001
1178,23,003,5.0,23003
1179,23,005,10.0,23005
1180,23,007,6.0,23007
1181,23,009,6.0,23009
1182,23,011,7.0,23011
1183,23,013,7.0,23013
1184,23,015,6.0,23015
1185,23,017,6.0,23017
1186,23,019,6.0,23019
1187,23,021,5.0,23021
1188,23,023,7.0,23023
1189,23,025,6.0,23025
1190,23,027,6.0,23027
1191,23,029,6.0,23029
1192,23,031,7.0,23031
1193,24,001,10.0,24001
1194,24,003,9.0,24003
1195,24,005,11.0,24005
1196,24,009,6.0,24009
1197,24,011,6.0,24011
1198,24,013,6.0,24013
1199,24,015,7.0,24015
1200,24,017,6.0,24017
1201,24,019,5.0,24019
1202,24,021,9.0,24021
1203,24,023,6.0,24023
1204,24,025,8.0,24025
1205,24,027,10.0,24027
1206,24,029,6.0,24029
1207,24,031,13.0,24031
1208,24,033,11.0,24033
1209,24,035,6.0,24035
1210,24,037,6.0,24037
1211,24,039,5.0,24039
1212,24,041,7.0,24041
1213,24,043,7.0,24043
1214,24,045,7.0,24045
1215,24,047,8.0,24047
1216,24,510,14.0,24510
1217,25,001,9.0,25001
1218,25,003,9.0,25003
1219,25,005,12.0,25005
1220,25,007,11.0,25007
1221,25,009,12.0,25009
1222,25,011,8.0,25011
1223,25,013,11.0,25013
1224,25,015,9.0,25015
1225,25,017,12.0,25017
1226,25,019,13.0,25019
1227,25,021,12.0,25021
1228,25,023,9.0,25023
1229,25,025,15.0,25025
1230,25,027,10.0,25027
1231,26,001,4.0,26001
1232,26,003,6.0,26003
1233,26,005,5.0,26005
1234,26,007,6.0,26007
1235,26,009,6.0,26009
1236,26,011,4.0,26011
1237,26,013,5.0,26013
1238,26,015,5.0,26015
1239,26,017,7.0,26017
1240,26,019,6.0,26019
1241,26,021,6.0,26021
1242,26,023,5.0,26023
1243,26,025,6.0,26025
1244,26,027,5.0,26027
1245,26,029,6.0,26029
1246,26,031,5.0,26031
1247,26,033,6.0,26033
1248,26,035,5.0,26035
1249,26,037,6.0,26037
1250,26,039,6.0,26039
1251,26,041,6.0,26041
1252,26,043,7.0,26043
1253,26,045,7.0,26045
1254,26,047,7.0,26047
1255,26,049,9.0,26049
1256,26,051,4.0,26051
1257,26,053,6.0,26053
1258,26,055,8.0,26055
1259,26,057,5.0,26057
1260,26,059,5.0,26059
1261,26,061,6.0,26061
1262,26,063,6.0,26063
1263,26,065,11.0,26065
1264,26,067,5.0,26067
1265,26,069,6.0,26069
1266,26,071,6.0,26071
1267,26,073,6.0,26073
1268,26,075,6.0,26075
1269,26,077,7.0,26077
1270,26,079,5.0,26079
1271,26,081,10.0,26081
1272,26,083,4.0,26083
1273,26,085,4.0,26085
1274,26,087,5.0,26087
1275,26,089,6.0,26089
1276,26,091,6.0,26091
1277,26,093,6.0,26093
1278,26,095,5.0,26095
1279,26,097,6.0,26097
1280,26,099,8.0,26099
1281,26,101,6.0,26101
1282,26,103,7.0,26103
1283,26,105,6.0,26105
1284,26,107,6.0,26107
1285,26,109,6.0,26109
1286,26,111,6.0,26111
1287,26,113,5.0,26113
1288,26,115,6.0,26115
1289,26,117,5.0,26117
1290,26,119,5.0,26119
1291,26,121,7.0,26121
1292,26,123,5.0,26123
1293,26,125,8.0,26125
1294,26,127,5.0,26127
1295,26,129,5.0,26129
1296,26,131,5.0,26131
1297,26,133,4.0,26133
1298,26,135,5.0,26135
1299,26,137,6.0,26137
1300,26,139,7.0,26139
1301,26,141,6.0,26141
1302,26,143,6.0,26143
1303,26,145,7.0,26145
1304,26,147,6.0,26147
1305,26,149,5.0,26149
1306,26,151,5.0,26151
1307,26,153,5.0,26153
1308,26,155,6.0,26155
1309,26,157,4.0,26157
1310,26,159,5.0,26159
1311,26,161,10.0,26161
1312,26,163,11.0,26163
1313,26,165,7.0,26165
1314,27,001,5.0,27001
1315,27,003,9.0,27003
1316,27,005,6.0,27005
1317,27,007,6.0,27007
1318,27,009,6.0,27009
1319,27,011,7.0,27011
1320,27,013,7.0,27013
1321,27,015,8.0,27015
1322,27,017,6.0,27017
1323,27,019,7.0,27019
1324,27,021,5.0,27021
1325,27,023,7.0,27023
1326,27,025,6.0,27025
1327,27,027,11.0,27027
1328,27,029,5.0,27029
1329,27,031,6.0,27031
1330,27,033,6.0,27033
1331,27,035,6.0,27035
1332,27,037,10.0,27037
1333,27,039,8.0,27039
1334,27,041,6.0,27041
1335,27,043,6.0,27043
1336,27,045,7.0,27045
1337,27,047,6.0,27047
1338,27,049,7.0,27049
1339,27,051,6.0,27051
1340,27,053,13.0,27053
1341,27,055,7.0,27055
1342,27,057,6.0,27057
1343,27,059,5.0,27059
1344,27,061,5.0,27061
1345,27,063,5.0,27063
1346,27,065,5.0,27065
1347,27,067,7.0,27067
1348,27,069,6.0,27069
1349,27,071,7.0,27071
1350,27,073,6.0,27073
1351,27,075,6.0,27075
1352,27,077,5.0,27077
1353,27,079,6.0,27079
1354,27,081,6.0,27081
1355,27,083,7.0,27083
1356,27,085,7.0,27085
1357,27,087,5.0,27087
1358,27,089,5.0,27089
1359,27,091,7.0,27091
1360,27,093,6.0,27093
1361,27,095,6.0,27095
1362,27,097,6.0,27097
1363,27,099,8.0,27099
1364,27,101,5.0,27101
1365,27,103,7.0,27103
1366,27,105,6.0,27105
1367,27,107,6.0,27107
1368,27,109,8.0,27109
1369,27,111,6.0,27111
1370,27,113,6.0,27113
1371,27,115,6.0,27115
1372,27,117,7.0,27117
1373,27,119,7.0,27119
1374,27,121,5.0,27121
1375,27,123,13.0,27123
1376,27,125,6.0,27125
1377,27,127,6.0,27127
1378,27,129,6.0,27129
1379,27,131,7.0,27131
1380,27,133,6.0,27133
1381,27,135,5.0,27135
1382,27,137,9.0,27137
1383,27,139,8.0,27139
1384,27,141,6.0,27141
1385,27,143,5.0,27143
1386,27,145,7.0,27145
1387,27,147,7.0,27147
1388,27,149,6.0,27149
1389,27,151,7.0,27151
1390,27,153,5.0,27153
1391,27,155,6.0,27155
1392,27,157,8.0,27157
1393,27,159,6.0,27159
1394,27,161,6.0,27161
1395,27,163,8.0,27163
1396,27,165,6.0,27165
1397,27,167,6.0,27167
1398,27,169,8.0,27169
1399,27,171,7.0,27171
1400,27,173,6.0,27173
1401,28,001,6.0,28001
1402,28,003,6.0,28003
1403,28,005,3.0,28005
1404,28,007,5.0,28007
1405,28,009,4.0,28009
1406,28,011,6.0,28011
1407,28,013,5.0,28013
1408,28,015,4.0,28015
1409,28,017,4.0,28017
1410,28,019,5.0,28019
1411,28,021,4.0,28021
1412,28,023,4.0,28023
1413,28,025,6.0,28025
1414,28,027,6.0,28027
1415,28,029,5.0,28029
1416,28,031,5.0,28031
1417,28,033,6.0,28033
1418,28,035,8.0,28035
1419,28,037,4.0,28037
1420,28,039,5.0,28039
1421,28,041,4.0,28041
1422,28,043,6.0,28043
1423,28,045,6.0,28045
1424,28,047,7.0,28047
1425,28,049,10.0,28049
1426,28,051,4.0,28051
1427,28,053,5.0,28053
1428,28,055,4.0,28055
1429,28,057,4.0,28057
1430,28,059,6.0,28059
1431,28,061,4.0,28061
1432,28,063,3.0,28063
1433,28,065,3.0,28065
1434,28,067,6.0,28067
1435,28,069,4.0,28069
1436,28,071,6.0,28071
1437,28,073,6.0,28073
1438,28,075,7.0,28075
1439,28,077,4.0,28077
1440,28,079,4.0,28079
1441,28,081,6.0,28081
1442,28,083,7.0,28083
1443,28,085,5.0,28085
1444,28,087,7.0,28087
1445,28,089,7.0,28089
1446,28,091,5.0,28091
1447,28,093,4.0,28093
1448,28,095,5.0,28095
1449,28,097,5.0,28097
1450,28,099,5.0,28099
1451,28,101,4.0,28101
1452,28,103,5.0,28103
1453,28,105,6.0,28105
1454,28,107,5.0,28107
1455,28,109,5.0,28109
1456,28,111,4.0,28111
1457,28,113,6.0,28113
1458,28,115,4.0,28115
1459,28,117,5.0,28117
1460,28,119,5.0,28119
1461,28,121,6.0,28121
1462,28,123,5.0,28123
1463,28,125,6.0,28125
1464,28,127,4.0,28127
1465,28,129,4.0,28129
1466,28,131,5.0,28131
1467,28,133,6.0,28133
1468,28,135,5.0,28135
1469,28,137,5.0,28137
1470,28,139,4.0,28139
1471,28,141,5.0,28141
1472,28,143,6.0,28143
1473,28,145,4.0,28145
1474,28,147,4.0,28147
1475,28,149,6.0,28149
1476,28,151,8.0,28151
1477,28,153,5.0,28153
1478,28,155,5.0,28155
1479,28,157,5.0,28157
1480,28,159,5.0,28159
1481,28,161,5.0,28161
1482,28,163,5.0,28163
1483,29,001,8.0,29001
1484,29,003,5.0,29003
1485,29,005,6.0,29005
1486,29,007,6.0,29007
1487,29,009,6.0,29009
1488,29,011,6.0,29011
1489,29,013,6.0,29013
1490,29,015,6.0,29015
1491,29,017,4.0,29017
1492,29,019,8.0,29019
1493,29,021,8.0,29021
1494,29,023,7.0,29023
1495,29,025,6.0,29025
1496,29,027,6.0,29027
1497,29,029,7.0,29029
1498,29,031,7.0,29031
1499,29,033,6.0,29033
1500,29,035,5.0,29035
1501,29,037,7.0,29037
1502,29,039,6.0,29039
1503,29,041,6.0,29041
1504,29,043,6.0,29043
1505,29,045,5.0,29045
1506,29,047,9.0,29047
1507,29,049,6.0,29049
1508,29,051,7.0,29051
1509,29,053,6.0,29053
1510,29,055,5.0,29055
1511,29,057,5.0,29057
1512,29,059,5.0,29059
1513,29,061,6.0,29061
1514,29,063,6.0,29063
1515,29,065,7.0,29065
1516,29,067,5.0,29067
1517,29,069,7.0,29069
1518,29,071,6.0,29071
1519,29,073,6.0,29073
1520,29,075,6.0,29075
1521,29,077,8.0,29077
1522,29,079,7.0,29079
1523,29,081,6.0,29081
1524,29,083,6.0,29083
1525,29,085,4.0,29085
1526,29,087,6.0,29087
1527,29,089,7.0,29089
1528,29,091,6.0,29091
1529,29,093,5.0,29093
1530,29,095,11.0,29095
1531,29,097,8.0,29097
1532,29,099,7.0,29099
1533,29,101,6.0,29101
1534,29,103,5.0,29103
1535,29,105,5.0,29105
1536,29,107,6.0,29107
1537,29,109,7.0,29109
1538,29,111,6.0,29111
1539,29,113,6.0,29113
1540,29,115,6.0,29115
1541,29,117,6.0,29117
1542,29,119,5.0,29119
1543,29,121,6.0,29121
1544,29,123,6.0,29123
1545,29,125,4.0,29125
1546,29,127,8.0,29127
1547,29,129,5.0,29129
1548,29,131,6.0,29131
1549,29,133,7.0,29133
1550,29,135,6.0,29135
1551,29,137,5.0,29137
1552,29,139,5.0,29139
1553,29,141,5.0,29141
1554,29,143,6.0,29143
1555,29,145,6.0,29145
1556,29,147,7.0,29147
1557,29,149,5.0,29149
1558,29,151,5.0,29151
1559,29,153,5.0,29153
1560,29,155,7.0,29155
1561,29,157,6.0,29157
1562,29,159,7.0,29159
1563,29,161,6.0,29161
1564,29,163,6.0,29163
1565,29,165,8.0,29165
1566,29,167,5.0,29167
1567,29,169,6.0,29169
1568,29,171,6.0,29171
1569,29,173,5.0,29173
1570,29,175,7.0,29175
1571,29,177,5.0,29177
1572,29,179,5.0,29179
1573,29,181,4.0,29181
1574,29,183,8.0,29183
1575,29,185,5.0,29185
1576,29,186,5.0,29186
1577,29,187,7.0,29187
1578,29,189,11.0,29189
1579,29,195,7.0,29195
1580,29,197,5.0,29197
1581,29,199,5.0,29199
1582,29,201,7.0,29201
1583,29,203,5.0,29203
1584,29,205,7.0,29205
1585,29,207,6.0,29207
1586,29,209,5.0,29209
1587,29,211,5.0,29211
1588,29,213,7.0,29213
1589,29,215,5.0,29215
1590,29,217,7.0,29217
1591,29,219,6.0,29219
1592,29,221,5.0,29221
1593,29,223,4.0,29223
1594,29,225,6.0,29225
1595,29,227,5.0,29227
1596,29,229,5.0,29229
1597,29,510,14.0,29510
1598,30,001,7.0,30001
1599,30,003,5.0,30003
1600,30,005,5.0,30005
1601,30,007,6.0,30007
1602,30,009,6.0,30009
1603,30,011,5.0,30011
1604,30,013,8.0,30013
1605,30,015,6.0,30015
1606,30,017,9.0,30017
1607,30,019,5.0,30019
1608,30,021,8.0,30021
1609,30,023,7.0,30023
1610,30,025,7.0,30025
1611,30,027,7.0,30027
1612,30,029,7.0,30029
1613,30,031,11.0,30031
1614,30,033,7.0,30033
1615,30,035,5.0,30035
1616,30,037,6.0,30037
1617,30,039,6.0,30039
1618,30,041,7.0,30041
1619,30,043,6.0,30043
1620,30,045,5.0,30045
1621,30,047,6.0,30047
1622,30,049,8.0,30049
1623,30,051,5.0,30051
1624,30,053,7.0,30053
1625,30,055,7.0,30055
1626,30,057,5.0,30057
1627,30,059,5.0,30059
1628,30,061,6.0,30061
1629,30,063,12.0,30063
1630,30,065,6.0,30065
1631,30,067,8.0,30067
1632,30,069,5.0,30069
1633,30,071,7.0,30071
1634,30,073,6.0,30073
1635,30,075,5.0,30075
1636,30,077,7.0,30077
1637,30,079,6.0,30079
1638,30,081,6.0,30081
1639,30,083,7.0,30083
1640,30,085,6.0,30085
1641,30,087,7.0,30087
1642,30,089,6.0,30089
1643,30,091,6.0,30091
1644,30,093,14.0,30093
1645,30,095,6.0,30095
1646,30,097,7.0,30097
1647,30,099,6.0,30099
1648,30,101,6.0,30101
1649,30,103,5.0,30103
1650,30,105,7.0,30105
1651,30,107,6.0,30107
1652,30,109,6.0,30109
1653,30,111,8.0,30111
1654,31,001,8.0,31001
1655,31,003,5.0,31003
1656,31,005,5.0,31005
1657,31,007,6.0,31007
1658,31,009,7.0,31009
1659,31,011,6.0,31011
1660,31,013,8.0,31013
1661,31,015,7.0,31015
1662,31,017,7.0,31017
1663,31,019,8.0,31019
1664,31,021,7.0,31021
1665,31,023,5.0,31023
1666,31,025,6.0,31025
1667,31,027,6.0,31027
1668,31,029,7.0,31029
1669,31,031,6.0,31031
1670,31,033,7.0,31033
1671,31,035,6.0,31035
1672,31,037,8.0,31037
1673,31,039,7.0,31039
1674,31,041,6.0,31041
1675,31,043,12.0,31043
1676,31,045,8.0,31045
1677,31,047,7.0,31047
1678,31,049,6.0,31049
1679,31,051,5.0,31051
1680,31,053,8.0,31053
1681,31,055,12.0,31055
1682,31,057,7.0,31057
1683,31,059,8.0,31059
1684,31,061,6.0,31061
1685,31,063,6.0,31063
1686,31,065,7.0,31065
1687,31,067,7.0,31067
1688,31,069,6.0,31069
1689,31,071,6.0,31071
1690,31,073,6.0,31073
1691,31,075,7.0,31075
1692,31,077,6.0,31077
1693,31,079,8.0,31079
1694,31,081,6.0,31081
1695,31,083,6.0,31083
1696,31,085,5.0,31085
1697,31,087,6.0,31087
1698,31,089,7.0,31089
1699,31,091,7.0,31091
1700,31,093,6.0,31093
1701,31,095,7.0,31095
1702,31,097,6.0,31097
1703,31,099,6.0,31099
1704,31,101,8.0,31101
1705,31,103,6.0,31103
1706,31,105,7.0,31105
1707,31,107,7.0,31107
1708,31,109,13.0,31109
1709,31,111,8.0,31111
1710,31,113,6.0,31113
1711,31,115,6.0,31115
1712,31,117,5.0,31117
1713,31,119,8.0,31119
1714,31,121,6.0,31121
1715,31,123,5.0,31123
1716,31,125,6.0,31125
1717,31,127,7.0,31127
1718,31,129,6.0,31129
1719,31,131,7.0,31131
1720,31,133,5.0,31133
1721,31,135,5.0,31135
1722,31,137,7.0,31137
1723,31,139,6.0,31139
1724,31,141,8.0,31141
1725,31,143,6.0,31143
1726,31,145,8.0,31145
1727,31,147,6.0,31147
1728,31,149,6.0,31149
1729,31,151,6.0,31151
1730,31,153,8.0,31153
1731,31,155,6.0,31155
1732,31,157,7.0,31157
1733,31,159,6.0,31159
1734,31,161,6.0,31161
1735,31,163,6.0,31163
1736,31,165,4.0,31165
1737,31,167,5.0,31167
1738,31,169,6.0,31169
1739,31,171,7.0,31171
1740,31,173,6.0,31173
1741,31,175,6.0,31175
1742,31,177,6.0,31177
1743,31,179,6.0,31179
1744,31,181,6.0,31181
1745,31,183,5.0,31183
1746,31,185,8.0,31185
1747,32,001,6.0,32001
1748,32,003,12.0,32003
1749,32,005,6.0,32005
1750,32,007,6.0,32007
1751,32,009,4.0,32009
1752,32,011,4.0,32011
1753,32,013,6.0,32013
1754,32,015,6.0,32015
1755,32,017,5.0,32017
1756,32,019,5.0,32019
1757,32,021,5.0,32021
1758,32,023,5.0,32023
1759,32,027,6.0,32027
1760,32,029,4.0,32029
1761,32,031,10.0,32031
1762,32,033,7.0,32033
1763,32,510,10.0,32510
1764,33,001,7.0,33001
1765,33,003,7.0,33003
1766,33,005,7.0,33005
1767,33,007,6.0,33007
1768,33,009,8.0,33009
1769,33,011,8.0,33011
1770,33,013,7.0,33013
1771,33,015,7.0,33015
1772,33,017,7.0,33017
1773,33,019,6.0,33019
1774,34,001,12.0,34001
1775,34,003,14.0,34003
1776,34,005,10.0,34005
1777,34,007,13.0,34007
1778,34,009,11.0,34009
1779,34,011,9.0,34011
1780,34,013,13.0,34013
1781,34,015,11.0,34015
1782,34,017,14.0,34017
1783,34,019,7.0,34019
1784,34,021,12.0,34021
1785,34,023,12.0,34023
1786,34,025,11.0,34025
1787,34,027,10.0,34027
1788,34,029,9.0,34029
1789,34,031,14.0,34031
1790,34,033,9.0,34033
1791,34,035,9.0,34035
1792,34,037,6.0,34037
1793,34,039,13.0,34039
1794,34,041,9.0,34041
1795,35,001,12.0,35001
1796,35,003,5.0,35003
1797,35,005,8.0,35005
1798,35,006,6.0,35006
1799,35,007,7.0,35007
1800,35,009,8.0,35009
1801,35,011,7.0,35011
1802,35,013,7.0,35013
1803,35,015,8.0,35015
1804,35,017,6.0,35017
1805,35,019,6.0,35019
1806,35,021,6.0,35021
1807,35,023,8.0,35023
1808,35,025,8.0,35025
1809,35,027,7.0,35027
1810,35,028,6.0,35028
1811,35,029,8.0,35029
1812,35,031,5.0,35031
1813,35,033,5.0,35033
1814,35,035,6.0,35035
1815,35,037,8.0,35037
1816,35,039,5.0,35039
1817,35,041,7.0,35041
1818,35,043,8.0,35043
1819,35,045,8.0,35045
1820,35,047,7.0,35047
1821,35,049,9.0,35049
1822,35,051,7.0,35051
1823,35,053,7.0,35053
1824,35,055,6.0,35055
1825,35,057,5.0,35057
1826,35,059,8.0,35059
1827,35,061,7.0,35061
1828,36,001,11.0,36001
1829,36,003,5.0,36003
1830,36,005,13.0,36005
1831,36,007,7.0,36007
1832,36,009,6.0,36009
1833,36,011,8.0,36011
1834,36,013,7.0,36013
1835,36,015,7.0,36015
1836,36,017,5.0,36017
1837,36,019,6.0,36019
1838,36,021,6.0,36021
1839,36,023,6.0,36023
1840,36,025,5.0,36025
1841,36,027,7.0,36027
1842,36,029,12.0,36029
1843,36,031,6.0,36031
1844,36,033,6.0,36033
1845,36,035,7.0,36035
1846,36,037,6.0,36037
1847,36,039,6.0,36039
1848,36,041,6.0,36041
1849,36,043,6.0,36043
1850,36,045,6.0,36045
1851,36,047,14.0,36047
1852,36,049,5.0,36049
1853,36,051,8.0,36051
1854,36,053,6.0,36053
1855,36,055,11.0,36055
1856,36,057,6.0,36057
1857,36,059,14.0,36059
1858,36,061,13.0,36061
1859,36,063,10.0,36063
1860,36,065,10.0,36065
1861,36,067,11.0,36067
1862,36,069,6.0,36069
1863,36,071,8.0,36071
1864,36,073,5.0,36073
1865,36,075,8.0,36075
1866,36,077,5.0,36077
1867,36,079,7.0,36079
1868,36,081,14.0,36081
1869,36,083,10.0,36083
1870,36,085,14.0,36085
1871,36,087,9.0,36087
1872,36,089,6.0,36089
1873,36,091,8.0,36091
1874,36,093,12.0,36093
1875,36,095,5.0,36095
1876,36,097,5.0,36097
1877,36,099,6.0,36099
1878,36,101,6.0,36101
1879,36,103,9.0,36103
1880,36,105,6.0,36105
1881,36,107,6.0,36107
1882,36,109,7.0,36109
1883,36,111,6.0,36111
1884,36,113,7.0,36113
1885,36,115,5.0,36115
1886,36,117,6.0,36117
1887,36,119,13.0,36119
1888,36,121,6.0,36121
1889,36,123,6.0,36123
1890,37,001,7.0,37001
1891,37,003,5.0,37003
1892,37,005,5.0,37005
1893,37,007,5.0,37007
1894,37,009,5.0,37009
1895,37,011,7.0,37011
1896,37,013,6.0,37013
1897,37,015,4.0,37015
1898,37,017,4.0,37017
1899,37,019,6.0,37019
1900,37,021,9.0,37021
1901,37,023,5.0,37023
1902,37,025,9.0,37025
1903,37,027,6.0,37027
1904,37,029,4.0,37029
1905,37,031,6.0,37031
1906,37,033,4.0,37033
1907,37,035,6.0,37035
1908,37,037,6.0,37037
1909,37,039,6.0,37039
1910,37,041,5.0,37041
1911,37,043,5.0,37043
1912,37,045,6.0,37045
1913,37,047,5.0,37047
1914,37,049,7.0,37049
1915,37,051,7.0,37051
1916,37,053,5.0,37053
1917,37,055,6.0,37055
1918,37,057,6.0,37057
1919,37,059,5.0,37059
1920,37,061,5.0,37061
1921,37,063,11.0,37063
1922,37,065,8.0,37065
1923,37,067,7.0,37067
1924,37,069,5.0,37069
1925,37,071,7.0,37071
1926,37,073,4.0,37073
1927,37,075,5.0,37075
1928,37,077,5.0,37077
1929,37,079,4.0,37079
1930,37,081,8.0,37081
1931,37,083,6.0,37083
1932,37,085,6.0,37085
1933,37,087,6.0,37087
1934,37,089,7.0,37089
1935,37,091,5.0,37091
1936,37,093,5.0,37093
1937,37,095,4.0,37095
1938,37,097,6.0,37097
1939,37,099,6.0,37099
1940,37,101,6.0,37101
1941,37,103,4.0,37103
1942,37,105,6.0,37105
1943,37,107,6.0,37107
1944,37,109,5.0,37109
1945,37,111,6.0,37111
1946,37,113,6.0,37113
1947,37,115,5.0,37115
1948,37,117,5.0,37117
1949,37,119,11.0,37119
1950,37,121,6.0,37121
1951,37,123,5.0,37123
1952,37,125,6.0,37125
1953,37,127,8.0,37127
1954,37,129,11.0,37129
1955,37,131,4.0,37131
1956,37,133,6.0,37133
1957,37,135,10.0,37135
1958,37,137,5.0,37137
1959,37,139,8.0,37139
1960,37,141,6.0,37141
1961,37,143,4.0,37143
1962,37,145,6.0,37145
1963,37,147,7.0,37147
1964,37,149,6.0,37149
1965,37,151,6.0,37151
1966,37,153,6.0,37153
1967,37,155,5.0,37155
1968,37,157,5.0,37157
1969,37,159,6.0,37159
1970,37,161,6.0,37161
1971,37,163,5.0,37163
1972,37,165,6.0,37165
1973,37,167,6.0,37167
1974,37,169,5.0,37169
1975,37,171,6.0,37171
1976,37,173,6.0,37173
1977,37,175,6.0,37175
1978,37,177,4.0,37177
1979,37,179,6.0,37179
1980,37,181,6.0,37181
1981,37,183,10.0,37183
1982,37,185,4.0,37185
1983,37,187,5.0,37187
1984,37,189,7.0,37189
1985,37,191,6.0,37191
1986,37,193,5.0,37193
1987,37,195,7.0,37195
1988,37,197,5.0,37197
1989,37,199,6.0,37199
1990,38,001,7.0,38001
1991,38,003,7.0,38003
1992,38,005,4.0,38005
1993,38,007,7.0,38007
1994,38,009,6.0,38009
1995,38,011,6.0,38011
1996,38,013,7.0,38013
1997,38,015,8.0,38015
1998,38,017,12.0,38017
1999,38,019,6.0,38019
2000,38,021,7.0,38021
2001,38,023,5.0,38023
2002,38,025,5.0,38025
2003,38,027,6.0,38027
2004,38,029,6.0,38029
2005,38,031,8.0,38031
2006,38,033,6.0,38033
2007,38,035,13.0,38035
2008,38,037,6.0,38037
2009,38,039,6.0,38039
2010,38,041,6.0,38041
2011,38,043,5.0,38043
2012,38,045,6.0,38045
2013,38,047,6.0,38047
2014,38,049,5.0,38049
2015,38,051,7.0,38051
2016,38,053,6.0,38053
2017,38,055,6.0,38055
2018,38,057,7.0,38057
2019,38,059,7.0,38059
2020,38,061,6.0,38061
2021,38,063,6.0,38063
2022,38,065,5.0,38065
2023,38,067,6.0,38067
2024,38,069,8.0,38069
2025,38,071,7.0,38071
2026,38,073,6.0,38073
2027,38,075,6.0,38075
2028,38,077,7.0,38077
2029,38,079,5.0,38079
2030,38,081,5.0,38081
2031,38,083,6.0,38083
2032,38,085,5.0,38085
2033,38,087,5.0,38087
2034,38,089,8.0,38089
2035,38,091,6.0,38091
2036,38,093,7.0,38093
2037,38,095,6.0,38095
2038,38,097,6.0,38097
2039,38,099,6.0,38099
2040,38,101,8.0,38101
2041,38,103,6.0,38103
2042,38,105,8.0,38105
2043,39,001,5.0,39001
2044,39,003,7.0,39003
2045,39,005,7.0,39005
2046,39,007,6.0,39007
2047,39,009,8.0,39009
2048,39,011,7.0,39011
2049,39,013,7.0,39013
2050,39,015,5.0,39015
2051,39,017,9.0,39017
2052,39,019,5.0,39019
2053,39,021,5.0,39021
2054,39,023,7.0,39023
2055,39,025,6.0,39025
2056,39,027,5.0,39027
2057,39,029,6.0,39029
2058,39,031,6.0,39031
2059,39,033,7.0,39033
2060,39,035,12.0,39035
2061,39,037,6.0,39037
2062,39,039,6.0,39039
2063,39,041,7.0,39041
2064,39,043,10.0,39043
2065,39,045,7.0,39045
2066,39,047,6.0,39047
2067,39,049,12.0,39049
2068,39,051,6.0,39051
2069,39,053,5.0,39053
2070,39,055,6.0,39055
2071,39,057,7.0,39057
2072,39,059,6.0,39059
2073,39,061,11.0,39061
2074,39,063,7.0,39063
2075,39,065,6.0,39065
2076,39,067,6.0,39067
2077,39,069,6.0,39069
2078,39,071,6.0,39071
2079,39,073,6.0,39073
2080,39,075,5.0,39075
2081,39,077,6.0,39077
2082,39,079,6.0,39079
2083,39,081,6.0,39081
2084,39,083,6.0,39083
2085,39,085,11.0,39085
2086,39,087,7.0,39087
2087,39,089,7.0,39089
2088,39,091,6.0,39091
2089,39,093,7.0,39093
2090,39,095,12.0,39095
2091,39,097,5.0,39097
2092,39,099,7.0,39099
2093,39,101,6.0,39101
2094,39,103,7.0,39103
2095,39,105,5.0,39105
2096,39,107,6.0,39107
2097,39,109,7.0,39109
2098,39,111,5.0,39111
2099,39,113,12.0,39113
2100,39,115,4.0,39115
2101,39,117,4.0,39117
2102,39,119,6.0,39119
2103,39,121,5.0,39121
2104,39,123,6.0,39123
2105,39,125,5.0,39125
2106,39,127,5.0,39127
2107,39,129,6.0,39129
2108,39,131,6.0,39131
2109,39,133,6.0,39133
2110,39,135,6.0,39135
2111,39,137,6.0,39137
2112,39,139,6.0,39139
2113,39,141,6.0,39141
2114,39,143,7.0,39143
2115,39,145,6.0,39145
2116,39,147,7.0,39147
2117,39,149,6.0,39149
2118,39,151,8.0,39151
2119,39,153,8.0,39153
2120,39,155,6.0,39155
2121,39,157,8.0,39157
2122,39,159,5.0,39159
2123,39,161,6.0,39161
2124,39,163,4.0,39163
2125,39,165,7.0,39165
2126,39,167,6.0,39167
2127,39,169,6.0,39169
2128,39,171,6.0,39171
2129,39,173,7.0,39173
2130,39,175,6.0,39175
2131,40,001,4.0,40001
2132,40,003,6.0,40003
2133,40,005,5.0,40005
2134,40,007,5.0,40007
2135,40,009,8.0,40009
2136,40,011,6.0,40011
2137,40,013,6.0,40013
2138,40,015,6.0,40015
2139,40,017,7.0,40017
2140,40,019,8.0,40019
2141,40,021,6.0,40021
2142,40,023,6.0,40023
2143,40,025,7.0,40025
2144,40,027,9.0,40027
2145,40,029,4.0,40029
2146,40,031,7.0,40031
2147,40,033,5.0,40033
2148,40,035,6.0,40035
2149,40,037,6.0,40037
2150,40,039,8.0,40039
2151,40,041,6.0,40041
2152,40,043,6.0,40043
2153,40,045,6.0,40045
2154,40,047,8.0,40047
2155,40,049,6.0,40049
2156,40,051,6.0,40051
2157,40,053,6.0,40053
2158,40,055,5.0,40055
2159,40,057,5.0,40057
2160,40,059,6.0,40059
2161,40,061,5.0,40061
2162,40,063,6.0,40063
2163,40,065,7.0,40065
2164,40,067,6.0,40067
2165,40,069,4.0,40069
2166,40,071,8.0,40071
2167,40,073,6.0,40073
2168,40,075,5.0,40075
2169,40,077,5.0,40077
2170,40,079,5.0,40079
2171,40,081,6.0,40081
2172,40,083,5.0,40083
2173,40,085,5.0,40085
2174,40,087,7.0,40087
2175,40,089,6.0,40089
2176,40,091,5.0,40091
2177,40,093,6.0,40093
2178,40,095,5.0,40095
2179,40,097,6.0,40097
2180,40,099,7.0,40099
2181,40,101,7.0,40101
2182,40,103,6.0,40103
2183,40,105,5.0,40105
2184,40,107,5.0,40107
2185,40,109,11.0,40109
2186,40,111,6.0,40111
2187,40,113,6.0,40113
2188,40,115,7.0,40115
2189,40,117,5.0,40117
2190,40,119,8.0,40119
2191,40,121,6.0,40121
2192,40,123,7.0,40123
2193,40,125,7.0,40125
2194,40,127,5.0,40127
2195,40,129,6.0,40129
2196,40,131,6.0,40131
2197,40,133,6.0,40133
2198,40,135,6.0,40135
2199,40,137,7.0,40137
2200,40,139,7.0,40139
2201,40,141,7.0,40141
2202,40,143,11.0,40143
2203,40,145,5.0,40145
2204,40,147,7.0,40147
2205,40,149,5.0,40149
2206,40,151,8.0,40151
2207,40,153,7.0,40153
2208,41,001,9.0,41001
2209,41,003,12.0,41003
2210,41,005,11.0,41005
2211,41,007,10.0,41007
2212,41,009,8.0,41009
2213,41,011,9.0,41011
2214,41,013,8.0,41013
2215,41,015,8.0,41015
2216,41,017,9.0,41017
2217,41,019,9.0,41019
2218,41,021,6.0,41021
2219,41,023,6.0,41023
2220,41,025,7.0,41025
2221,41,027,10.0,41027
2222,41,029,10.0,41029
2223,41,031,7.0,41031
2224,41,033,8.0,41033
2225,41,035,10.0,41035
2226,41,037,6.0,41037
2227,41,039,11.0,41039
2228,41,041,10.0,41041
2229,41,043,9.0,41043
2230,41,045,10.0,41045
2231,41,047,12.0,41047
2232,41,049,6.0,41049
2233,41,051,15.0,41051
2234,41,053,10.0,41053
2235,41,055,6.0,41055
2236,41,057,8.0,41057
2237,41,059,10.0,41059
2238,41,061,11.0,41061
2239,41,063,7.0,41063
2240,41,065,10.0,41065
2241,41,067,13.0,41067
2242,41,069,6.0,41069
2243,41,071,10.0,41071
2244,42,001,8.0,42001
2245,42,003,13.0,42003
2246,42,005,7.0,42005
2247,42,007,9.0,42007
2248,42,009,6.0,42009
2249,42,011,8.0,42011
2250,42,013,8.0,42013
2251,42,015,6.0,42015
2252,42,017,10.0,42017
2253,42,019,7.0,42019
2254,42,021,8.0,42021
2255,42,023,7.0,42023
2256,42,025,7.0,42025
2257,42,027,11.0,42027
2258,42,029,9.0,42029
2259,42,031,7.0,42031
2260,42,033,7.0,42033
2261,42,035,7.0,42035
2262,42,037,7.0,42037
2263,42,039,6.0,42039
2264,42,041,11.0,42041
2265,42,043,12.0,42043
2266,42,045,13.0,42045
2267,42,047,6.0,42047
2268,42,049,11.0,42049
2269,42,051,7.0,42051
2270,42,053,5.0,42053
2271,42,055,7.0,42055
2272,42,057,5.0,42057
2273,42,059,6.0,42059
2274,42,061,6.0,42061
2275,42,063,7.0,42063
2276,42,065,7.0,42065
2277,42,067,6.0,42067
2278,42,069,8.0,42069
2279,42,071,7.0,42071
2280,42,073,7.0,42073
2281,42,075,8.0,42075
2282,42,077,13.0,42077
2283,42,079,8.0,42079
2284,42,081,8.0,42081
2285,42,083,6.0,42083
2286,42,085,7.0,42085
2287,42,087,7.0,42087
2288,42,089,7.0,42089
2289,42,091,12.0,42091
2290,42,093,7.0,42093
2291,42,095,12.0,42095
2292,42,097,8.0,42097
2293,42,099,6.0,42099
2294,42,101,15.0,42101
2295,42,103,6.0,42103
2296,42,105,6.0,42105
2297,42,107,7.0,42107
2298,42,109,7.0,42109
2299,42,111,6.0,42111
2300,42,113,6.0,42113
2301,42,115,6.0,42115
2302,42,117,6.0,42117
2303,42,119,7.0,42119
2304,42,121,6.0,42121
2305,42,123,6.0,42123
2306,42,125,7.0,42125
2307,42,127,6.0,42127
2308,42,129,8.0,42129
2309,42,131,6.0,42131
2310,42,133,10.0,42133
2311,44,001,12.0,44001
2312,44,003,12.0,44003
2313,44,005,11.0,44005
2314,44,007,14.0,44007
2315,44,009,9.0,44009
2316,45,001,5.0,45001
2317,45,003,6.0,45003
2318,45,005,6.0,45005
2319,45,007,6.0,45007
2320,45,009,6.0,45009
2321,45,011,5.0,45011
2322,45,013,7.0,45013
2323,45,015,6.0,45015
2324,45,017,5.0,45017
2325,45,019,11.0,45019
2326,45,021,6.0,45021
2327,45,023,5.0,45023
2328,45,025,5.0,45025
2329,45,027,5.0,45027
2330,45,029,5.0,45029
2331,45,031,6.0,45031
2332,45,033,5.0,45033
2333,45,035,7.0,45035
2334,45,037,5.0,45037
2335,45,039,5.0,45039
2336,45,041,6.0,45041
2337,45,043,6.0,45043
2338,45,045,9.0,45045
2339,45,047,7.0,45047
2340,45,049,5.0,45049
2341,45,051,7.0,45051
2342,45,053,5.0,45053
2343,45,055,5.0,45055
2344,45,057,6.0,45057
2345,45,059,5.0,45059
2346,45,061,4.0,45061
2347,45,063,7.0,45063
2348,45,065,5.0,45065
2349,45,067,5.0,45067
2350,45,069,5.0,45069
2351,45,071,5.0,45071
2352,45,073,6.0,45073
2353,45,075,6.0,45075
2354,45,077,7.0,45077
2355,45,079,11.0,45079
2356,45,081,4.0,45081
2357,45,083,6.0,45083
2358,45,085,6.0,45085
2359,45,087,5.0,45087
2360,45,089,4.0,45089
2361,45,091,7.0,45091
2362,46,003,6.0,46003
2363,46,005,7.0,46005
2364,46,007,6.0,46007
2365,46,009,6.0,46009
2366,46,011,7.0,46011
2367,46,013,8.0,46013
2368,46,015,7.0,46015
2369,46,017,5.0,46017
2370,46,019,7.0,46019
2371,46,021,6.0,46021
2372,46,023,6.0,46023
2373,46,025,5.0,46025
2374,46,027,7.0,46027
2375,46,029,8.0,46029
2376,46,031,4.0,46031
2377,46,033,6.0,46033
2378,46,035,8.0,46035
2379,46,037,6.0,46037
2380,46,039,6.0,46039
2381,46,041,5.0,46041
2382,46,043,7.0,46043
2383,46,045,6.0,46045
2384,46,047,6.0,46047
2385,46,049,5.0,46049
2386,46,051,6.0,46051
2387,46,053,6.0,46053
2388,46,055,6.0,46055
2389,46,057,6.0,46057
2390,46,059,6.0,46059
2391,46,061,5.0,46061
2392,46,063,6.0,46063
2393,46,065,8.0,46065
2394,46,067,6.0,46067
2395,46,069,6.0,46069
2396,46,071,5.0,46071
2397,46,073,6.0,46073
2398,46,075,7.0,46075
2399,46,077,6.0,46077
2400,46,079,6.0,46079
2401,46,081,7.0,46081
2402,46,083,7.0,46083
2403,46,085,6.0,46085
2404,46,087,5.0,46087
2405,46,089,6.0,46089
2406,46,091,6.0,46091
2407,46,093,6.0,46093
2408,46,095,4.0,46095
2409,46,097,6.0,46097
2410,46,099,12.0,46099
2411,46,101,6.0,46101
2412,46,102,4.0,46102
2413,46,103,8.0,46103
2414,46,105,6.0,46105
2415,46,107,8.0,46107
2416,46,109,6.0,46109
2417,46,111,6.0,46111
2418,46,115,6.0,46115
2419,46,117,7.0,46117
2420,46,119,6.0,46119
2421,46,121,3.0,46121
2422,46,123,6.0,46123
2423,46,125,5.0,46125
2424,46,127,7.0,46127
2425,46,129,7.0,46129
2426,46,135,7.0,46135
2427,46,137,5.0,46137
2428,47,001,5.0,47001
2429,47,003,5.0,47003
2430,47,005,5.0,47005
2431,47,007,4.0,47007
2432,47,009,6.0,47009
2433,47,011,6.0,47011
2434,47,013,5.0,47013
2435,47,015,5.0,47015
2436,47,017,5.0,47017
2437,47,019,5.0,47019
2438,47,021,5.0,47021
2439,47,023,5.0,47023
2440,47,025,5.0,47025
2441,47,027,4.0,47027
2442,47,029,5.0,47029
2443,47,031,6.0,47031
2444,47,033,5.0,47033
2445,47,035,5.0,47035
2446,47,037,11.0,47037
2447,47,039,5.0,47039
2448,47,041,5.0,47041
2449,47,043,6.0,47043
2450,47,045,5.0,47045
2451,47,047,4.0,47047
2452,47,049,5.0,47049
2453,47,051,5.0,47051
2454,47,053,6.0,47053
2455,47,055,5.0,47055
2456,47,057,4.0,47057
2457,47,059,5.0,47059
2458,47,061,5.0,47061
2459,47,063,6.0,47063
2460,47,065,8.0,47065
2461,47,067,4.0,47067
2462,47,069,4.0,47069
2463,47,071,5.0,47071
2464,47,073,5.0,47073
2465,47,075,5.0,47075
2466,47,077,5.0,47077
2467,47,079,5.0,47079
2468,47,081,5.0,47081
2469,47,083,5.0,47083
2470,47,085,5.0,47085
2471,47,087,4.0,47087
2472,47,089,6.0,47089
2473,47,091,4.0,47091
2474,47,093,9.0,47093
2475,47,095,5.0,47095
2476,47,097,4.0,47097
2477,47,099,5.0,47099
2478,47,101,5.0,47101
2479,47,103,4.0,47103
2480,47,105,6.0,47105
2481,47,107,6.0,47107
2482,47,109,4.0,47109
2483,47,111,5.0,47111
2484,47,113,6.0,47113
2485,47,115,5.0,47115
2486,47,117,6.0,47117
2487,47,119,6.0,47119
2488,47,121,5.0,47121
2489,47,123,5.0,47123
2490,47,125,6.0,47125
2491,47,127,4.0,47127
2492,47,129,3.0,47129
2493,47,131,5.0,47131
2494,47,133,4.0,47133
2495,47,135,4.0,47135
2496,47,137,5.0,47137
2497,47,139,5.0,47139
2498,47,141,6.0,47141
2499,47,143,5.0,47143
2500,47,145,5.0,47145
2501,47,147,6.0,47147
2502,47,149,7.0,47149
2503,47,151,4.0,47151
2504,47,153,5.0,47153
2505,47,155,6.0,47155
2506,47,157,11.0,47157
2507,47,159,5.0,47159
2508,47,161,4.0,47161
2509,47,163,7.0,47163
2510,47,165,6.0,47165
2511,47,167,5.0,47167
2512,47,169,6.0,47169
2513,47,171,6.0,47171
2514,47,173,4.0,47173
2515,47,175,4.0,47175
2516,47,177,5.0,47177
2517,47,179,7.0,47179
2518,47,181,4.0,47181
2519,47,183,5.0,47183
2520,47,185,4.0,47185
2521,47,187,7.0,47187
2522,47,189,6.0,47189
2523,48,001,5.0,48001
2524,48,003,9.0,48003
2525,48,005,6.0,48005
2526,48,007,7.0,48007
2527,48,009,5.0,48009
2528,48,011,5.0,48011
2529,48,013,6.0,48013
2530,48,015,6.0,48015
2531,48,017,7.0,48017
2532,48,019,5.0,48019
2533,48,021,6.0,48021
2534,48,023,7.0,48023
2535,48,025,7.0,48025
2536,48,027,7.0,48027
2537,48,029,11.0,48029
2538,48,031,6.0,48031
2539,48,033,5.0,48033
2540,48,035,6.0,48035
2541,48,037,7.0,48037
2542,48,039,6.0,48039
2543,48,041,7.0,48041
2544,48,043,8.0,48043
2545,48,045,5.0,48045
2546,48,047,7.0,48047
2547,48,049,7.0,48049
2548,48,051,6.0,48051
2549,48,053,6.0,48053
2550,48,055,6.0,48055
2551,48,057,7.0,48057
2552,48,059,6.0,48059
2553,48,061,7.0,48061
2554,48,063,6.0,48063
2555,48,065,5.0,48065
2556,48,067,5.0,48067
2557,48,069,5.0,48069
2558,48,071,5.0,48071
2559,48,073,5.0,48073
2560,48,075,7.0,48075
2561,48,077,5.0,48077
2562,48,079,6.0,48079
2563,48,081,5.0,48081
2564,48,083,6.0,48083
2565,48,085,10.0,48085
2566,48,087,7.0,48087
2567,48,089,7.0,48089
2568,48,091,7.0,48091
2569,48,093,6.0,48093
2570,48,095,5.0,48095
2571,48,097,7.0,48097
2572,48,099,6.0,48099
2573,48,101,8.0,48101
2574,48,103,9.0,48103
2575,48,105,8.0,48105
2576,48,107,7.0,48107
2577,48,109,6.0,48109
2578,48,111,8.0,48111
2579,48,113,12.0,48113
2580,48,115,8.0,48115
2581,48,117,7.0,48117
2582,48,119,4.0,48119
2583,48,121,10.0,48121
2584,48,123,7.0,48123
2585,48,125,5.0,48125
2586,48,127,8.0,48127
2587,48,129,6.0,48129
2588,48,131,6.0,48131
2589,48,133,7.0,48133
2590,48,135,8.0,48135
2591,48,137,7.0,48137
2592,48,139,6.0,48139
2593,48,141,12.0,48141
2594,48,143,7.0,48143
2595,48,145,6.0,48145
2596,48,147,5.0,48147
2597,48,149,6.0,48149
2598,48,151,6.0,48151
2599,48,153,5.0,48153
2600,48,155,6.0,48155
2601,48,157,8.0,48157
2602,48,159,4.0,48159
2603,48,161,6.0,48161
2604,48,163,6.0,48163
2605,48,165,8.0,48165
2606,48,167,8.0,48167
2607,48,169,6.0,48169
2608,48,171,7.0,48171
2609,48,173,5.0,48173
2610,48,175,5.0,48175
2611,48,177,6.0,48177
2612,48,179,8.0,48179
2613,48,181,6.0,48181
2614,48,183,8.0,48183
2615,48,185,5.0,48185
2616,48,187,6.0,48187
2617,48,189,7.0,48189
2618,48,191,6.0,48191
2619,48,193,7.0,48193
2620,48,195,7.0,48195
2621,48,197,8.0,48197
2622,48,199,5.0,48199
2623,48,201,11.0,48201
2624,48,203,6.0,48203
2625,48,205,6.0,48205
2626,48,207,7.0,48207
2627,48,209,7.0,48209
2628,48,211,7.0,48211
2629,48,213,5.0,48213
2630,48,215,7.0,48215
2631,48,217,6.0,48217
2632,48,219,6.0,48219
2633,48,221,6.0,48221
2634,48,223,5.0,48223
2635,48,225,5.0,48225
2636,48,227,7.0,48227
2637,48,229,4.0,48229
2638,48,231,6.0,48231
2639,48,233,6.0,48233
2640,48,235,5.0,48235
2641,48,237,6.0,48237
2642,48,239,6.0,48239
2643,48,241,5.0,48241
2644,48,243,5.0,48243
2645,48,245,7.0,48245
2646,48,247,5.0,48247
2647,48,249,7.0,48249
2648,48,251,6.0,48251
2649,48,253,6.0,48253
2650,48,255,6.0,48255
2651,48,257,7.0,48257
2652,48,259,7.0,48259
2653,48,261,3.0,48261
2654,48,263,6.0,48263
2655,48,265,7.0,48265
2656,48,267,7.0,48267
2657,48,269,4.0,48269
2658,48,271,6.0,48271
2659,48,273,7.0,48273
2660,48,275,6.0,48275
2661,48,277,6.0,48277
2662,48,279,6.0,48279
2663,48,281,5.0,48281
2664,48,283,7.0,48283
2665,48,285,6.0,48285
2666,48,287,5.0,48287
2667,48,289,4.0,48289
2668,48,291,5.0,48291
2669,48,293,6.0,48293
2670,48,295,5.0,48295
2671,48,297,6.0,48297
2672,48,299,6.0,48299
2673,48,301,5.0,48301
2674,48,303,8.0,48303
2675,48,305,6.0,48305
2676,48,307,7.0,48307
2677,48,309,7.0,48309
2678,48,311,6.0,48311
2679,48,313,5.0,48313
2680,48,315,4.0,48315
2681,48,317,6.0,48317
2682,48,319,6.0,48319
2683,48,321,7.0,48321
2684,48,323,7.0,48323
2685,48,325,6.0,48325
2686,48,327,5.0,48327
2687,48,329,8.0,48329
2688,48,331,6.0,48331
2689,48,333,6.0,48333
2690,48,335,6.0,48335
2691,48,337,7.0,48337
2692,48,339,7.0,48339
2693,48,341,8.0,48341
2694,48,343,5.0,48343
2695,48,345,7.0,48345
2696,48,347,6.0,48347
2697,48,349,6.0,48349
2698,48,351,3.0,48351
2699,48,353,7.0,48353
2700,48,355,12.0,48355
2701,48,357,7.0,48357
2702,48,359,6.0,48359
2703,48,361,6.0,48361
2704,48,363,7.0,48363
2705,48,365,5.0,48365
2706,48,367,6.0,48367
2707,48,369,6.0,48369
2708,48,371,8.0,48371
2709,48,373,6.0,48373
2710,48,375,12.0,48375
2711,48,377,8.0,48377
2712,48,379,4.0,48379
2713,48,381,10.0,48381
2714,48,383,9.0,48383
2715,48,385,6.0,48385
2716,48,387,5.0,48387
2717,48,389,9.0,48389
2718,48,391,8.0,48391
2719,48,393,6.0,48393
2720,48,395,5.0,48395
2721,48,397,8.0,48397
2722,48,399,6.0,48399
2723,48,401,5.0,48401
2724,48,403,4.0,48403
2725,48,405,4.0,48405
2726,48,407,3.0,48407
2727,48,409,7.0,48409
2728,48,411,8.0,48411
2729,48,413,5.0,48413
2730,48,415,7.0,48415
2731,48,417,7.0,48417
2732,48,419,5.0,48419
2733,48,421,7.0,48421
2734,48,423,7.0,48423
2735,48,425,6.0,48425
2736,48,427,5.0,48427
2737,48,429,7.0,48429
2738,48,431,7.0,48431
2739,48,433,6.0,48433
2740,48,435,5.0,48435
2741,48,437,6.0,48437
2742,48,439,10.0,48439
2743,48,441,8.0,48441
2744,48,443,5.0,48443
2745,48,445,7.0,48445
2746,48,447,5.0,48447
2747,48,449,6.0,48449
2748,48,451,8.0,48451
2749,48,453,12.0,48453
2750,48,455,5.0,48455
2751,48,457,4.0,48457
2752,48,459,5.0,48459
2753,48,461,7.0,48461
2754,48,463,7.0,48463
2755,48,465,8.0,48465
2756,48,467,5.0,48467
2757,48,469,7.0,48469
2758,48,471,6.0,48471
2759,48,473,6.0,48473
2760,48,475,8.0,48475
2761,48,477,7.0,48477
2762,48,479,8.0,48479
2763,48,481,7.0,48481
2764,48,483,7.0,48483
2765,48,485,8.0,48485
2766,48,487,7.0,48487
2767,48,489,6.0,48489
2768,48,491,8.0,48491
2769,48,493,4.0,48493
2770,48,495,8.0,48495
2771,48,497,6.0,48497
2772,48,499,5.0,48499
2773,48,501,7.0,48501
2774,48,503,7.0,48503
2775,48,505,7.0,48505
2776,48,507,7.0,48507
2777,49,001,8.0,49001
2778,49,003,9.0,49003
2779,49,005,7.0,49005
2780,49,007,7.0,49007
2781,49,009,7.0,49009
2782,49,011,12.0,49011
2783,49,013,6.0,49013
2784,49,015,6.0,49015
2785,49,017,7.0,49017
2786,49,019,8.0,49019
2787,49,021,8.0,49021
2788,49,023,8.0,49023
2789,49,025,6.0,49025
2790,49,027,6.0,49027
2791,49,029,6.0,49029
2792,49,031,6.0,49031
2793,49,033,7.0,49033
2794,49,035,13.0,49035
2795,49,037,7.0,49037
2796,49,039,7.0,49039
2797,49,041,7.0,49041
2798,49,043,7.0,49043
2799,49,045,9.0,49045
2800,49,047,6.0,49047
2801,49,049,11.0,49049
2802,49,051,8.0,49051
2803,49,053,8.0,49053
2804,49,055,7.0,49055
2805,49,057,11.0,49057
2806,50,001,8.0,50001
2807,50,003,9.0,50003
2808,50,005,7.0,50005
2809,50,007,11.0,50007
2810,50,009,6.0,50009
2811,50,011,8.0,50011
2812,50,013,6.0,50013
2813,50,015,8.0,50015
2814,50,017,6.0,50017
2815,50,019,7.0,50019
2816,50,021,9.0,50021
2817,50,023,10.0,50023
2818,50,025,8.0,50025
2819,50,027,8.0,50027
2820,51,001,5.0,51001
2821,51,003,8.0,51003
2822,51,005,7.0,51005
2823,51,007,4.0,51007
2824,51,009,6.0,51009
2825,51,011,5.0,51011
2826,51,013,14.0,51013
2827,51,015,5.0,51015
2828,51,017,4.0,51017
2829,51,019,5.0,51019
2830,51,021,4.0,51021
2831,51,023,5.0,51023
2832,51,025,4.0,51025
2833,51,027,4.0,51027
2834,51,029,4.0,51029
2835,51,031,6.0,51031
2836,51,033,5.0,51033
2837,51,035,5.0,51035
2838,51,036,4.0,51036
2839,51,037,4.0,51037
2840,51,041,7.0,51041
2841,51,043,6.0,51043
2842,51,045,5.0,51045
2843,51,047,6.0,51047
2844,51,049,4.0,51049
2845,51,051,5.0,51051
2846,51,053,4.0,51053
2847,51,057,5.0,51057
2848,51,059,12.0,51059
2849,51,061,6.0,51061
2850,51,063,5.0,51063
2851,51,065,5.0,51065
2852,51,067,5.0,51067
2853,51,069,5.0,51069
2854,51,071,6.0,51071
2855,51,073,6.0,51073
2856,51,075,5.0,51075
2857,51,077,4.0,51077
2858,51,079,5.0,51079
2859,51,081,4.0,51081
2860,51,083,4.0,51083
2861,51,085,6.0,51085
2862,51,087,10.0,51087
2863,51,089,5.0,51089
2864,51,091,5.0,51091
2865,51,093,5.0,51093
2866,51,095,7.0,51095
2867,51,097,5.0,51097
2868,51,099,5.0,51099
2869,51,101,5.0,51101
2870,51,103,6.0,51103
2871,51,105,4.0,51105
2872,51,107,8.0,51107
2873,51,109,5.0,51109
2874,51,111,5.0,51111
2875,51,113,5.0,51113
2876,51,115,5.0,51115
2877,51,117,6.0,51117
2878,51,119,6.0,51119
2879,51,121,10.0,51121
2880,51,125,5.0,51125
2881,51,127,6.0,51127
2882,51,131,6.0,51131
2883,51,133,5.0,51133
2884,51,135,5.0,51135
2885,51,137,5.0,51137
2886,51,139,5.0,51139
2887,51,141,4.0,51141
2888,51,143,4.0,51143
2889,51,145,5.0,51145
2890,51,147,5.0,51147
2891,51,149,5.0,51149
2892,51,153,9.0,51153
2893,51,155,6.0,51155
2894,51,157,6.0,51157
2895,51,159,5.0,51159
2896,51,161,7.0,51161
2897,51,163,5.0,51163
2898,51,165,5.0,51165
2899,51,167,4.0,51167
2900,51,169,4.0,51169
2901,51,171,5.0,51171
2902,51,173,5.0,51173
2903,51,175,4.0,51175
2904,51,177,6.0,51177
2905,51,179,6.0,51179
2906,51,181,3.0,51181
2907,51,183,5.0,51183
2908,51,185,6.0,51185
2909,51,187,7.0,51187
2910,51,191,5.0,51191
2911,51,193,6.0,51193
2912,51,195,6.0,51195
2913,51,197,6.0,51197
2914,51,199,6.0,51199
2915,51,510,15.0,51510
2916,51,520,9.0,51520
2917,51,530,12.0,51530
2918,51,540,14.0,51540
2919,51,550,10.0,51550
2920,51,570,8.0,51570
2921,51,580,13.0,51580
2922,51,590,8.0,51590
2923,51,595,8.0,51595
2924,51,600,16.0,51600
2925,51,610,16.0,51610
2926,51,620,7.0,51620
2927,51,630,9.0,51630
2928,51,640,9.0,51640
2929,51,650,11.0,51650
2930,51,660,15.0,51660
2931,51,670,8.0,51670
2932,51,678,15.0,51678
2933,51,680,14.0,51680
2934,51,683,13.0,51683
2935,51,685,12.0,51685
2936,51,690,7.0,51690
2937,51,700,11.0,51700
2938,51,710,13.0,51710
2939,51,720,9.0,51720
2940,51,730,8.0,51730
2941,51,735,5.0,51735
2942,51,740,12.0,51740
2943,51,750,12.0,51750
2944,51,760,14.0,51760
2945,51,770,13.0,51770
2946,51,775,11.0,51775
2947,51,790,9.0,51790
2948,51,800,6.0,51800
2949,51,810,11.0,51810
2950,51,820,8.0,51820
2951,51,830,10.0,51830
2952,51,840,10.0,51840
2953,53,001,8.0,53001
2954,53,003,7.0,53003
2955,53,005,10.0,53005
2956,53,007,10.0,53007
2957,53,009,9.0,53009
2958,53,011,11.0,53011
2959,53,013,5.0,53013
2960,53,015,9.0,53015
2961,53,017,10.0,53017
2962,53,019,5.0,53019
2963,53,021,10.0,53021
2964,53,023,6.0,53023
2965,53,025,7.0,53025
2966,53,027,10.0,53027
2967,53,029,9.0,53029
2968,53,031,9.0,53031
2969,53,033,13.0,53033
2970,53,035,9.0,53035
2971,53,037,7.0,53037
2972,53,039,6.0,53039
2973,53,041,6.0,53041
2974,53,043,8.0,53043
2975,53,045,6.0,53045
2976,53,047,6.0,53047
2977,53,049,8.0,53049
2978,53,051,4.0,53051
2979,53,053,10.0,53053
2980,53,055,6.0,53055
2981,53,057,7.0,53057
2982,53,059,6.0,53059
2983,53,061,11.0,53061
2984,53,063,12.0,53063
2985,53,065,5.0,53065
2986,53,067,9.0,53067
2987,53,069,5.0,53069
2988,53,071,9.0,53071
2989,53,073,7.0,53073
2990,53,075,6.0,53075
2991,53,077,8.0,53077
2992,54,001,5.0,54001
2993,54,003,7.0,54003
2994,54,005,5.0,54005
2995,54,007,5.0,54007
2996,54,009,6.0,54009
2997,54,011,8.0,54011
2998,54,013,5.0,54013
2999,54,015,4.0,54015
3000,54,017,5.0,54017
3001,54,019,6.0,54019
3002,54,021,4.0,54021
3003,54,023,6.0,54023
3004,54,025,6.0,54025
3005,54,027,5.0,54027
3006,54,029,6.0,54029
3007,54,031,6.0,54031
3008,54,033,7.0,54033
3009,54,035,5.0,54035
3010,54,037,6.0,54037
3011,54,039,7.0,54039
3012,54,041,5.0,54041
3013,54,043,4.0,54043
3014,54,045,5.0,54045
3015,54,047,4.0,54047
3016,54,049,7.0,54049
3017,54,051,7.0,54051
3018,54,053,5.0,54053
3019,54,055,7.0,54055
3020,54,057,7.0,54057
3021,54,059,4.0,54059
3022,54,061,7.0,54061
3023,54,063,4.0,54063
3024,54,065,6.0,54065
3025,54,067,5.0,54067
3026,54,069,8.0,54069
3027,54,071,4.0,54071
3028,54,073,6.0,54073
3029,54,075,5.0,54075
3030,54,077,5.0,54077
3031,54,079,7.0,54079
3032,54,081,7.0,54081
3033,54,083,6.0,54083
3034,54,085,5.0,54085
3035,54,087,4.0,54087
3036,54,089,5.0,54089
3037,54,091,5.0,54091
3038,54,093,6.0,54093
3039,54,095,5.0,54095
3040,54,097,6.0,54097
3041,54,099,5.0,54099
3042,54,101,5.0,54101
3043,54,103,7.0,54103
3044,54,105,4.0,54105
3045,54,107,7.0,54107
3046,54,109,5.0,54109
3047,55,001,5.0,55001
3048,55,003,7.0,55003
3049,55,005,6.0,55005
3050,55,007,6.0,55007
3051,55,009,7.0,55009
3052,55,011,5.0,55011
3053,55,013,6.0,55013
3054,55,015,6.0,55015
3055,55,017,7.0,55017
3056,55,019,5.0,55019
3057,55,021,6.0,55021
3058,55,023,6.0,55023
3059,55,025,11.0,55025
3060,55,027,6.0,55027
3061,55,029,6.0,55029
3062,55,031,11.0,55031
3063,55,033,6.0,55033
3064,55,035,8.0,55035
3065,55,037,5.0,55037
3066,55,039,7.0,55039
3067,55,041,6.0,55041
3068,55,043,6.0,55043
3069,55,045,7.0,55045
3070,55,047,6.0,55047
3071,55,049,5.0,55049
3072,55,051,6.0,55051
3073,55,053,5.0,55053
3074,55,055,7.0,55055
3075,55,057,6.0,55057
3076,55,059,8.0,55059
3077,55,061,5.0,55061
3078,55,063,12.0,55063
3079,55,065,6.0,55065
3080,55,067,6.0,55067
3081,55,069,6.0,55069
3082,55,071,7.0,55071
3083,55,073,7.0,55073
3084,55,075,6.0,55075
3085,55,077,5.0,55077
3086,55,078,6.0,55078
3087,55,079,14.0,55079
3088,55,081,6.0,55081
3089,55,083,5.0,55083
3090,55,085,6.0,55085
3091,55,087,8.0,55087
3092,55,089,7.0,55089
3093,55,091,6.0,55091
3094,55,093,6.0,55093
3095,55,095,6.0,55095
3096,55,097,7.0,55097
3097,55,099,5.0,55099
3098,55,101,11.0,55101
3099,55,103,5.0,55103
3100,55,105,11.0,55105
3101,55,107,6.0,55107
3102,55,109,6.0,55109
3103,55,111,6.0,55111
3104,55,113,6.0,55113
3105,55,115,6.0,55115
3106,55,117,7.0,55117
3107,55,119,5.0,55119
3108,55,121,6.0,55121
3109,55,123,5.0,55123
3110,55,125,7.0,55125
3111,55,127,6.0,55127
3112,55,129,6.0,55129
3113,55,131,7.0,55131
3114,55,133,9.0,55133
3115,55,135,6.0,55135
3116,55,137,5.0,55137
3117,55,139,10.0,55139
3118,55,141,7.0,55141
3119,56,001,8.0,56001
3120,56,003,7.0,56003
3121,56,005,7.0,56005
3122,56,007,7.0,56007
3123,56,009,7.0,56009
3124,56,011,5.0,56011
3125,56,013,7.0,56013
3126,56,015,6.0,56015
3127,56,017,7.0,56017
3128,56,019,7.0,56019
3129,56,021,8.0,56021
3130,56,023,6.0,56023
3131,56,025,9.0,56025
3132,56,027,7.0,56027
3133,56,029,8.0,56029
3134,56,031,7.0,56031
3135,56,033,8.0,56033
3136,56,035,6.0,56035
3137,56,037,7.0,56037
3138,56,039,8.0,56039
3139,56,041,7.0,56041
3140,56,043,8.0,56043
3141,56,045,6.0,56045
3142,60,010,1.0,60010
3143,60,020,1.0,60020
3144,60,030,1.0,60030
3145,60,040,1.0,60040
3146,60,050,1.0,60050
3147,66,010,1.0,66010
3148,69,085,1.0,69085
3149,69,100,1.0,69100
3150,69,110,1.0,69110
3151,69,120,1.0,69120
3152,72,001,3.0,72001
3153,72,003,4.0,72003
3154,72,005,4.0,72005
3155,72,007,3.0,72007
3156,72,009,3.0,72009
3157,72,011,4.0,72011
3158,72,013,4.0,72013
3159,72,015,5.0,72015
3160,72,017,4.0,72017
3161,72,019,3.0,72019
3162,72,021,6.0,72021
3163,72,023,3.0,72023
3164,72,025,5.0,72025
3165,72,027,3.0,72027
3166,72,029,5.0,72029
3167,72,031,5.0,72031
3168,72,033,5.0,72033
3169,72,035,5.0,72035
3170,72,037,3.0,72037
3171,72,039,3.0,72039
3172,72,041,3.0,72041
3173,72,043,4.0,72043
3174,72,045,3.0,72045
3175,72,047,4.0,72047
3176,72,049,2.0,72049
3177,72,051,4.0,72051
3178,72,053,5.0,72053
3179,72,054,4.0,72054
3180,72,055,4.0,72055
3181,72,057,5.0,72057
3182,72,059,4.0,72059
3183,72,061,5.0,72061
3184,72,063,4.0,72063
3185,72,065,4.0,72065
3186,72,067,4.0,72067
3187,72,069,4.0,72069
3188,72,071,4.0,72071
3189,72,073,3.0,72073
3190,72,075,4.0,72075
3191,72,077,4.0,72077
3192,72,079,3.0,72079
3193,72,081,3.0,72081
3194,72,083,3.0,72083
3195,72,085,4.0,72085
3196,72,087,5.0,72087
3197,72,089,4.0,72089
3198,72,091,4.0,72091
3199,72,093,3.0,72093
3200,72,095,3.0,72095
3201,72,097,5.0,72097
3202,72,099,3.0,72099
3203,72,101,3.0,72101
3204,72,103,3.0,72103
3205,72,105,4.0,72105
3206,72,107,3.0,72107
3207,72,109,3.0,72109
3208,72,111,4.0,72111
3209,72,113,5.0,72113
3210,72,115,3.0,72115
3211,72,117,3.0,72117
3212,72,119,4.0,72119
3213,72,121,4.0,72121
3214,72,123,4.0,72123
3215,72,125,3.0,72125
3216,72,127,6.0,72127
3217,72,129,4.0,72129
3218,72,131,4.0,72131
3219,72,133,4.0,72133
3220,72,135,4.0,72135
3221,72,137,5.0,72137
3222,72,139,5.0,72139
3223,72,141,3.0,72141
3224,72,143,4.0,72143
3225,72,145,4.0,72145
3226,72,147,3.0,72147
3227,72,149,3.0,72149
3228,72,151,3.0,72151
3229,72,153,5.0,72153
3230,78,010,4.0,78010
3231,78,020,4.0,78020
3232,78,030,5.0,78030
